レースID,開催日,着順,枠番,馬番,馬名,馬ID,性齢,斤量,騎手,騎手ID,人気,単勝オッズ,タイム,着差,通過順,上がり3F,調教師,調教師ID,馬体重
202601040601,20260104,1,7,14,フュルスティン,2023100583,牝3,55.0,横山武史,01170,1.0,1.4,1:12.7,,②①,38.9,[美]加藤士津,01169,470(＋4)
202601040601,20260104,2,8,15,プラチナムディスク,2023102383,牝3,53.0,△長浜鴻,01214,7.0,25.9,1:13.0,２,⑦⑤,38.4,[美]小笠倫弘,01076,448(＋2)
202601040601,20260104,3,8,16,アクロスメモリア,2023102399,牝3,55.0,戸崎圭太,05386,4.0,14.3,1:13.5,３,⑤③,39.2,[美]田島俊明,01112,476(0)
202601040601,20260104,4,6,12,レースクイーン,2023101563,牝3,55.0,江田照男,00689,14.0,161.0,1:13.8,２,⑤⑦,39.4,[美]蛯名利弘,01131,410(－18)
202601040601,20260104,5,4,7,ラストシャイニー,2023105803,牝3,55.0,矢野貴之,05380,5.0,22.4,1:14.0,１,⑧⑧,39.2,[美]千葉直人,01199,428(－2)
202601040601,20260104,6,3,6,バーヴァンシー,2023104394,牝3,52.0,▲舟山瑠,01221,11.0,54.4,1:14.0,ハナ,⑮⑮,38.5,[美]村田一誠,01190,486(＋2)
202601040601,20260104,7,2,4,マメーアップル,2023100924,牝3,55.0,荻野極,01160,3.0,7.9,1:14.1,3/4,③③,40.1,[美]岩戸孝樹,01051,438(＋10)
202601040601,20260104,8,6,11,マリノレーヴェ,2023100807,牝3,55.0,横山琉人,01192,2.0,7.1,1:14.3,１1/2,⑩⑨,39.3,[美]鈴木慎太,01179,480(＋6)
202601040601,20260104,9,3,5,メインテーマ,2023103571,牝3,55.0,内田博幸,00422,8.0,43.3,1:14.4,クビ,①②,40.6,[美]小手川準,01171,488(＋6)
202601040601,20260104,10,7,13,ミルトメロディー,2023100397,牝3,55.0,原優介,01184,10.0,49.6,1:14.8,２1/2,④⑤,40.6,[美]青木孝文,01156,426(－2)
202601040601,20260104,11,2,3,ファストワーカー,2023100239,牝3,55.0,菊沢一樹,01161,12.0,78.0,1:15.2,２1/2,⑩⑬,40.1,[美]伊藤大士,01109,496(－2)
202601040601,20260104,12,5,9,タマモシルエット,2023103253,牝3,55.0,丹内祐次,01091,6.0,22.4,1:15.3,クビ,⑩⑩,40.2,[美]伊藤圭三,01023,468(0)
202601040601,20260104,13,5,10,ウィザードオブマリ,2023100805,牝3,52.0,▲石田拓,01203,15.0,266.3,1:15.4,3/4,⑩⑩,40.4,[美]蛯名利弘,01131,452(－4)
202601040601,20260104,14,1,1,ジーナグレイス,2023107385,牝3,55.0,丸山元気,01127,13.0,118.8,1:15.8,２,⑭⑬,40.6,[美]田中勝春,01207,422(－10)
202601040601,20260104,15,4,8,トウシンラヴ,2023103100,牝3,55.0,菅原明良,01179,9.0,46.6,1:16.4,３1/2,⑧⑩,41.5,[美]高柳瑞樹,01118,446(－2)
202601040601,20260104,16,1,2,フロリスタン,2023109013,牝3,55.0,原田和真,01143,16.0,362.7,1:17.0,３1/2,⑮⑮,41.6,[美]松山将樹,01100,474(－6)
202601040602,20260104,1,4,4,フィンガー,2023102813,牡3,57.0,戸崎圭太,05386,1.0,1.3,1:54.5,,①①①①,37.9,[美]田中博康,01162,548(＋6)
202601040602,20260104,2,6,8,ニシノモリミチ,2023100362,牡3,57.0,菅原明良,01179,3.0,6.9,1:56.4,大差,②②②②,39.6,[美]高木登,01088,492(＋4)
202601040602,20260104,3,5,7,ゴーフォアブローク,2023100629,牡3,55.0,△長浜鴻,01214,2.0,6.1,1:56.9,２1/2,⑦⑦⑦⑦,39.5,[美]手塚貴久,01038,528(－2)
202601040602,20260104,4,2,2,オルブライト,2023101644,牡3,57.0,大野拓弥,01096,4.0,13.0,1:57.1,１1/4,⑩⑩⑩⑤,39.3,[美]杉浦宏昭,01008,470(－2)
202601040602,20260104,5,8,13,シンエンドーツダ,2023103621,牡3,57.0,菊沢一樹,01161,6.0,39.1,1:57.5,２1/2,⑧⑨⑨⑨,39.9,[美]萱野浩二,01024,472(＋4)
202601040602,20260104,6,5,6,タイガーゲイト,2023102964,牡3,57.0,丹内祐次,01091,12.0,206.5,1:58.1,３1/2,③③④⑤,40.9,[美]大和田成,01124,476(0)
202601040602,20260104,7,1,1,クリュメノス,2023102107,牡3,54.0,▲石田拓,01203,8.0,117.6,1:58.3,１1/2,⑬⑬⑫⑫,40.0,[美]小西一男,00405,478(＋6)
202601040602,20260104,8,3,3,インスウィング,2023101444,セ3,57.0,原優介,01184,11.0,195.2,1:58.4,クビ,③③③③,41.3,[美]青木孝文,01156,508(＋4)
202601040602,20260104,9,6,9,タニセンローマ,2023101095,牡3,57.0,岩田康誠,05203,7.0,51.3,1:58.8,２1/2,③③④⑨,41.5,[美]斎藤誠,01086,464(＋4)
202601040602,20260104,10,8,12,トーセンシーギリヤ,2023100588,牡3,57.0,原田和真,01143,9.0,144.9,1:59.2,２,⑥⑥④③,41.9,[美]土田稔,00417,488(＋22)
202601040602,20260104,11,7,10,モリインビクタス,2023106582,牡3,54.0,▲遠藤汰,01218,10.0,184.1,1:59.3,3/4,⑫⑫⑪⑪,41.1,[美]伊藤伸一,01031,476(0)
202601040602,20260104,12,4,5,ブルージェネシス,2023101798,牡3,57.0,荻野極,01160,5.0,22.8,2:00.6,８,⑧⑦⑦⑦,43.2,[美]菊川正達,01052,450(＋8)
202601040602,20260104,13,7,11,クラウンプレゼンタ,2023100795,牡3,57.0,内田博幸,00422,13.0,258.3,2:01.0,２,⑪⑪⑬⑬,42.0,[美]天間昭一,01090,470(－2)
202601040603,20260104,1,7,14,エアサロメ,2023103341,牝3,55.0,矢野貴之,05380,4.0,8.3,1:13.2,,②②,37.7,[美]大竹正博,01102,460(---)
202601040603,20260104,2,7,13,ベセル,2023103048,牡3,57.0,菊沢一樹,01161,5.0,12.8,1:14.3,７,③③,38.6,[美]蛯名正義,01191,502(---)
202601040603,20260104,3,8,16,アンチェーン,2023104668,牝3,55.0,三浦皇成,01122,2.0,3.4,1:15.2,５,③⑤,39.4,[美]嘉藤貴行,01195,518(---)
202601040603,20260104,4,6,12,シンクシビリティ,2023101349,牝3,55.0,原優介,01184,13.0,103.3,1:15.3,1/2,⑥⑤,39.1,[美]青木孝文,01156,432(---)
202601040603,20260104,5,2,3,マイニオサラスタス,2023104853,牝3,53.0,△長浜鴻,01214,10.0,71.4,1:15.3,ハナ,⑤④,39.2,[美]石栗龍彦,01043,390(---)
202601040603,20260104,6,5,9,ブロッコロ,2023100999,牝3,55.0,小林脩斗,01183,9.0,56.6,1:15.6,２,⑨⑦,39.0,[美]堀内岳志,01189,436(---)
202601040603,20260104,7,8,15,スナップジジ,2023101469,牡3,57.0,原田和真,01143,11.0,72.5,1:15.9,１3/4,①①,40.5,[美]堀内岳志,01189,506(---)
202601040603,20260104,8,2,4,アスクホープマン,2023106398,牡3,54.0,▲大久保,01194,6.0,24.4,1:16.0,クビ,⑮⑮,37.5,[美]久保田貴,01067,470(---)
202601040603,20260104,9,1,2,イセッセイ,2023106294,牝3,52.0,▲遠藤汰,01218,15.0,118.5,1:16.0,クビ,⑦⑦,39.7,[美]伊藤伸一,01031,436(---)
202601040603,20260104,10,1,1,ボビネット,2023102368,牝3,55.0,吉田豊,00733,12.0,102.0,1:16.0,ハナ,⑭⑭,38.2,[美]和田雄二,01143,438(---)
202601040603,20260104,11,4,7,デザートイーグル,2023106675,牡3,57.0,荻野極,01160,1.0,2.6,1:16.1,クビ,⑦⑦,39.8,[美]加藤士津,01169,494(---)
202601040603,20260104,12,6,11,ニシノラン,2023104696,牡3,57.0,田辺裕信,01075,3.0,5.1,1:16.2,1/2,⑨⑩,39.6,[美]柄崎将寿,01208,506(---)
202601040603,20260104,13,4,8,ファイナルフォーム,2023109038,牡3,54.0,▲石神深,01209,7.0,28.6,1:16.3,1/2,⑫⑫,39.3,[美]矢野英一,01108,464(---)
202601040603,20260104,14,5,10,ティスマイル,2023101205,牝3,55.0,丹内祐次,01091,8.0,29.5,1:16.9,４,⑬⑫,39.7,[美]伊藤圭三,01023,438(---)
202601040603,20260104,15,3,6,エールオンマインド,2023104147,牡3,57.0,西村太一,01131,14.0,110.3,1:17.5,３1/2,⑪⑩,40.8,[美]堀内岳志,01189,438(---)
202601040603,20260104,除外,3,5,ディルガーム,2023107301,牡3,57.0,横山武史,01170,,,,,⑯⑯,,[美]伊藤圭三,01023,516(---)
202601040604,20260104,1,6,7,サトノリシャール,2023103894,牡3,57.0,岩田康誠,05203,3.0,4.1,1:55.2,,⑦⑦④②,40.5,[栗]福永祐一,01203,480(0)
202601040604,20260104,2,2,2,パラダイスフェイス,2023104103,牡3,57.0,丸山元気,01127,6.0,20.9,1:55.2,クビ,⑨⑨⑧⑤,40.0,[美]牧光二,01106,506(＋8)
202601040604,20260104,3,5,5,カシマライフウ,2023105439,牡3,57.0,松岡正海,01085,2.0,2.9,1:56.0,５,⑧⑧⑥⑤,41.0,[美]伊藤伸一,01031,470(＋2)
202601040604,20260104,4,7,9,ニシノロッドマン,2023104706,牡3,57.0,野中悠太,01158,9.0,63.8,1:56.0,クビ,⑩⑩⑩⑨,40.4,[美]矢嶋大樹,01202,512(＋6)
202601040604,20260104,5,4,4,コイオステソーロ,2023104193,牡3,57.0,菅原明良,01179,5.0,16.4,1:56.1,3/4,①①①①,41.6,[美]高木登,01088,522(－4)
202601040604,20260104,6,6,8,アラビアンドリーム,2023102398,牡3,57.0,横山武史,01170,1.0,2.7,1:56.5,２,②②②②,41.9,[美]栗田徹,01127,498(－6)
202601040604,20260104,7,1,1,ガーディアンテイル,2023106958,牡3,57.0,内田博幸,00422,7.0,28.7,1:56.6,3/4,⑤④④⑤,41.8,[美]小手川準,01171,508(＋2)
202601040604,20260104,8,3,3,コスモラムバック,2023106452,牡3,57.0,丹内祐次,01091,10.0,72.9,1:57.7,７,⑫⑫⑫⑫,41.1,[美]水野貴広,01094,504(＋2)
202601040604,20260104,9,8,12,コパノミラノ,2023101578,牡3,57.0,柴田大知,01009,11.0,100.9,1:58.2,３,⑥⑥⑧⑧,43.1,[美]上原博之,00423,494(－2)
202601040604,20260104,10,8,11,マオノムサシ,2023101278,牡3,57.0,荻野琢真,01112,8.0,40.7,1:58.6,２1/2,②②②②,44.0,[栗]加藤公太,01215,500(＋4)
202601040604,20260104,11,7,10,オーパパ,2023103915,牡3,57.0,横山琉人,01192,4.0,9.9,1:59.1,２1/2,②④⑥⑨,44.2,[美]斎藤誠,01086,486(＋8)
202601040604,20260104,12,5,6,シャトーベスト,2023106374,牡3,57.0,原田和真,01143,12.0,313.9,1:59.6,３,⑪⑪⑪⑪,43.8,[美]蛯名利弘,01131,522(0)
202601040605,20260104,1,8,16,タイセイアストロ,2023103917,牡3,57.0,杉原誠人,01135,2.0,3.5,1:34.5,,⑩⑦⑤,34.8,[美]森一誠,01201,456(＋4)
202601040605,20260104,2,3,5,ナイスプレーアスク,2023105420,牝3,55.0,荻野極,01160,6.0,13.2,1:34.5,クビ,①①①,35.6,[美]田村康仁,01027,444(＋8)
202601040605,20260104,3,5,9,レヴェランジェ,2023103694,牝3,55.0,戸崎圭太,05386,5.0,10.0,1:34.7,１1/4,④⑤⑤,35.3,[美]鈴木慎太,01179,446(＋4)
202601040605,20260104,4,6,12,ニシノマーレ,2023100179,牝3,55.0,津村明秀,01092,4.0,9.4,1:34.8,クビ,②③②,35.6,[美]伊藤大士,01109,404(－4)
202601040605,20260104,5,2,3,ベアサナエチャン,2023106829,牝3,55.0,横山武史,01170,1.0,3.0,1:34.8,アタマ,④③④,35.6,[美]杉浦宏昭,01008,444(＋6)
202601040605,20260104,6,1,2,ブラーヴジャン,2023103238,牡3,57.0,丹内祐次,01091,8.0,23.3,1:34.9,クビ,⑩⑪⑫,34.9,[美]和田勇介,01165,428(＋4)
202601040605,20260104,7,6,11,ミナヅキ,2023105449,牡3,57.0,石橋脩,01077,3.0,5.9,1:34.9,クビ,⑥⑦⑨,35.3,[美]清水英克,01080,454(－2)
202601040605,20260104,8,4,8,エルミー,2023103898,牝3,55.0,菅原明良,01179,7.0,16.6,1:35.2,１3/4,⑨⑦⑧,35.5,[美]中川公成,01081,430(0)
202601040605,20260104,9,2,4,モウエエデショー,2023105433,牡3,57.0,原田和真,01143,10.0,41.9,1:35.2,ハナ,⑭⑬⑨,35.1,[美]萱野浩二,01024,472(－6)
202601040605,20260104,10,7,14,ユイノナナフシギ,2023105432,牡3,57.0,長岡禎仁,01142,13.0,171.2,1:35.6,２1/2,⑥⑦⑨,35.9,[美]深山雅史,01174,474(＋14)
202601040605,20260104,11,7,13,ソロイノシタク,2023101473,牝3,53.0,△長浜鴻,01214,16.0,325.6,1:35.8,１,⑩⑪⑬,35.8,[美]矢嶋大樹,01202,414(0)
202601040605,20260104,12,4,7,コスモシグルン,2023101040,牝3,55.0,柴田大知,01009,9.0,33.3,1:35.9,3/4,②②②,36.9,[美]畠山吉宏,01048,474(－4)
202601040605,20260104,13,5,10,チェリーブルーム,2023101675,牝3,52.0,▲石田拓,01203,15.0,240.2,1:36.0,1/2,⑬⑮⑮,35.4,[美]蛯名利弘,01131,460(＋20)
202601040605,20260104,14,1,1,オーシャンドリーム,2023106154,牝3,52.0,▲石神深,01209,14.0,207.7,1:36.1,3/4,⑭⑬⑭,35.9,[美]水野貴広,01094,498(＋4)
202601040605,20260104,15,8,15,ロッククライム,2023106473,牡3,57.0,矢野貴之,05380,11.0,90.3,1:36.1,クビ,⑯⑮⑯,35.4,[美]佐藤吉勝,01035,444(---)
202601040605,20260104,16,3,6,ディアファニス,2023105475,牝3,55.0,田辺裕信,01075,12.0,166.5,1:36.2,1/2,⑥⑤⑤,36.7,[美]伊坂重信,01177,464(－6)
202601040606,20260104,1,4,8,トップオブザライン,2023105338,牡3,57.0,三浦皇成,01122,7.0,15.9,2:04.0,,④③③③,35.3,[栗]友道康夫,01061,494(---)
202601040606,20260104,2,5,10,トライアンドエラー,2023106776,牝3,55.0,岩田康誠,05203,13.0,49.0,2:04.1,3/4,①①①①,35.7,[栗]加藤公太,01215,470(---)
202601040606,20260104,3,6,12,カズシ,2023102662,牡3,54.0,▲遠藤汰,01218,15.0,61.3,2:04.2,1/2,⑫⑫⑫⑨,34.8,[美]高柳瑞樹,01118,474(---)
202601040606,20260104,4,8,17,ダイナソーコー,2023103548,牡3,57.0,荻野極,01160,6.0,11.9,2:04.2,クビ,③③③③,35.5,[栗]藤岡健一,01062,446(---)
202601040606,20260104,5,6,11,ロジマギー,2023107361,牝3,55.0,丸山元気,01127,3.0,6.3,2:04.2,クビ,②②②②,35.7,[美]宮田敬介,01175,468(---)
202601040606,20260104,6,2,3,ルシアージュ,2023106795,牝3,55.0,内田博幸,00422,8.0,18.1,2:04.3,クビ,⑥⑥⑤⑤,35.3,[美]高柳瑞樹,01118,436(---)
202601040606,20260104,7,7,14,オービタルピリオド,2023106869,牡3,57.0,石川裕紀,01150,2.0,4.6,2:04.3,クビ,⑫⑬⑬⑫,34.6,[美]奥村武,01145,416(---)
202601040606,20260104,8,4,7,ベイツリー,2023106853,牡3,54.0,▲舟山瑠,01221,9.0,21.4,2:04.7,２,⑯⑯⑭⑫,34.9,[美]村田一誠,01190,392(---)
202601040606,20260104,9,3,5,タカイチアメリカン,2023100244,牡3,54.0,▲石田拓,01203,4.0,7.8,2:04.7,クビ,⑥⑥⑤⑤,35.8,[美]尾形和幸,01141,448(---)
202601040606,20260104,10,1,2,アオゾラランチ,2023103377,牝3,55.0,吉田豊,00733,12.0,34.4,2:04.7,クビ,⑨⑨⑩⑨,35.4,[美]戸田博文,01054,412(---)
202601040606,20260104,11,8,15,クラックミーアップ,2023104463,牡3,57.0,松岡正海,01085,10.0,22.6,2:04.8,1/2,⑨⑨⑨⑨,35.6,[美]蛯名正義,01191,476(---)
202601040606,20260104,12,2,4,サトノリアファル,2023105260,牡3,57.0,北村宏司,01043,5.0,11.6,2:04.9,1/2,⑭⑭⑮⑮,34.9,[美]古賀慎明,01079,526(---)
202601040606,20260104,13,7,13,マイネルラジェム,2023106424,牡3,57.0,丹内祐次,01091,14.0,53.5,2:05.2,２,⑥⑥⑤⑧,36.3,[美]水野貴広,01094,486(---)
202601040606,20260104,14,5,9,ドウカキミニトドケ,2023100930,牝3,55.0,戸崎圭太,05386,1.0,4.1,2:05.3,クビ,④⑤⑤⑤,36.4,[栗]田中克典,01180,466(---)
202601040606,20260104,15,3,6,アルタティール,2023104926,牡3,55.0,△長浜鴻,01214,16.0,84.2,2:06.5,７,⑮⑭⑮⑯,36.4,[美]手塚貴久,01038,432(---)
202601040606,20260104,16,1,1,ルベライトテソーロ,2023106731,牝3,55.0,原優介,01184,17.0,99.3,2:07.1,３1/2,⑨⑨⑩⑫,37.8,[美]武市康男,01089,416(---)
202601040606,20260104,17,8,16,ダイビングキャッチ,2023103476,牡3,57.0,菅原明良,01179,11.0,33.2,2:09.7,大差,⑰⑰⑰⑰,38.4,[美]田中剛,01119,502(---)
202601040607,20260104,1,7,13,バタール,2022104601,牡4,57.0,荻野極,01160,1.0,1.6,1:53.8,,⑤⑤③②,39.3,[美]鹿戸雄一,01097,550(－6)
202601040607,20260104,2,8,16,インテルメディオ,2021104922,セ5,58.0,岩田康誠,05203,8.0,17.4,1:54.2,２1/2,④④⑤④,39.4,[美]浅利英明,01204,532(＋8)
202601040607,20260104,3,1,1,ディースプレマシー,2022104312,牡4,57.0,石橋脩,01077,11.0,106.5,1:54.7,３,⑭⑭⑫⑪,39.4,[美]牧光二,01106,456(＋2)
202601040607,20260104,4,2,4,ノアヴィヴァーチェ,2022102446,牡4,57.0,矢野貴之,05380,7.0,16.5,1:54.7,アタマ,⑫⑫⑬⑪,39.3,[美]鈴木慎太,01179,496(－6)
202601040607,20260104,5,3,6,カージオイド,2022104062,牡4,57.0,内田博幸,00422,2.0,9.8,1:54.8,クビ,⑥⑥⑧⑧,39.6,[美]黒岩陽一,01133,530(＋16)
202601040607,20260104,6,8,15,(地)ミヤジテン,2021102531,牝5,56.0,丸田恭介,01117,14.0,140.7,1:54.8,クビ,⑪⑪⑬⑪,39.4,[美]南田美知,00437,496(＋2)
202601040607,20260104,7,3,5,ブレゲアン,2022106951,牡4,57.0,三浦皇成,01122,3.0,10.5,1:54.9,1/2,⑯⑮⑮⑭,39.0,[美]田村康仁,01027,474(＋14)
202601040607,20260104,8,1,2,テンミラージュ,2022105414,牝4,52.0,▲石神深,01209,12.0,120.5,1:55.3,２,⑨⑨⑧⑧,40.1,[美]深山雅史,01174,454(＋8)
202601040607,20260104,9,4,8,ブレードサクセス,2021103376,牡5,58.0,丹内祐次,01091,5.0,13.3,1:55.7,２1/2,②②②①,41.4,[美]岩戸孝樹,01051,502(－4)
202601040607,20260104,10,6,12,ネオシルバー,2021106063,牡5,58.0,田辺裕信,01075,10.0,62.9,1:56.0,１3/4,⑨⑨⑧⑧,40.9,[美]小西一男,00405,514(0)
202601040607,20260104,11,2,3,タキノボリ,2022100320,牡4,57.0,戸崎圭太,05386,6.0,14.5,1:56.2,１1/2,⑧⑥⑤⑤,41.3,[美]勢司和浩,01047,478(＋8)
202601040607,20260104,12,7,14,マイネルレグルス,2021106821,牡5,58.0,柴田大知,01009,13.0,136.8,1:56.6,２,⑥⑥⑧⑮,41.4,[美]矢嶋大樹,01202,498(＋2)
202601040607,20260104,13,5,10,ハルノアラシ,2022106099,牡4,57.0,石川裕紀,01150,9.0,17.6,1:56.7,3/4,⑬⑫⑤⑤,41.9,[美]相沢郁,01020,514(－8)
202601040607,20260104,14,4,7,ホウオウサムレット,2022104969,牡4,54.0,▲舟山瑠,01221,4.0,11.4,1:56.7,ハナ,①①①②,42.5,[美]田中博康,01162,446(＋4)
202601040607,20260104,15,5,9,ラムゼイテソーロ,2021100579,牡5,58.0,菊沢一樹,01161,15.0,142.0,1:56.7,ハナ,③③③⑤,42.1,[美]西田雄一,01187,542(＋4)
202601040607,20260104,16,6,11,(地)ピコブルー,2022101739,牡4,57.0,原優介,01184,16.0,207.0,1:56.7,ハナ,⑮⑮⑮⑮,40.7,[美]上原博之,00423,478(0)
202601040608,20260104,1,2,4,(地)ラヴァグロウ,2020103937,牝6,56.0,丸田恭介,01117,3.0,6.8,1:12.1,,⑭⑭,36.6,[美]畠山吉宏,01048,452(－6)
202601040608,20260104,2,6,11,オオゾラヒバリ,2021101793,牝5,56.0,野中悠太,01158,10.0,21.5,1:12.1,アタマ,⑨⑨,37.4,[美]根本康広,01029,476(＋12)
202601040608,20260104,3,6,12,レインボーラッキー,2022106324,牝4,56.0,横山琉人,01192,8.0,14.8,1:12.1,ハナ,⑫⑫,37.1,[美]斎藤誠,01086,450(＋14)
202601040608,20260104,4,1,2,(地)ルーフオブヘヴン,2021104874,牝5,53.0,▲石神深,01209,9.0,16.7,1:12.2,クビ,⑨⑨,37.5,[美]武藤善則,01064,466(＋4)
202601040608,20260104,5,5,10,フォンメイリー,2019105287,牝7,53.0,▲上里直,01217,7.0,12.9,1:12.3,1/2,⑤⑤,38.2,[美]粕谷昌央,01096,496(＋4)
202601040608,20260104,6,5,9,スマイルディシー,2022104271,牝4,53.0,▲石田拓,01203,13.0,109.3,1:12.4,3/4,⑭⑮,36.8,[美]中川公成,01081,470(0)
202601040608,20260104,7,4,8,トキメキジニア,2022100323,牝4,56.0,菊沢一樹,01161,15.0,202.9,1:12.4,ハナ,⑯⑮,36.7,[美]佐藤吉勝,01035,462(－2)
202601040608,20260104,8,2,3,フラッシュポイント,2022104609,牝4,56.0,横山武史,01170,1.0,3.5,1:12.5,1/2,⑦⑦,38.1,[美]西田雄一,01187,510(＋8)
202601040608,20260104,9,3,6,クイーンアポーン,2019104128,牝7,56.0,丸山元気,01127,14.0,180.7,1:12.6,アタマ,⑪⑪,37.7,[美]土田稔,00417,466(＋10)
202601040608,20260104,10,7,13,アイドル,2022105966,牝4,56.0,荻野極,01160,5.0,8.5,1:12.6,クビ,②③,38.7,[美]上原佑紀,01192,498(0)
202601040608,20260104,11,1,1,ブルスケッタ,2021100410,牝5,53.0,▲佐藤翔,01207,16.0,210.7,1:12.6,アタマ,⑫⑫,37.6,[美]小手川準,01171,502(－6)
202601040608,20260104,12,4,7,(地)ブエナディオサ,2019106938,牝7,56.0,柴田善臣,00641,11.0,55.1,1:12.8,１,⑦⑦,38.3,[美]奥平雅士,01074,474(＋4)
202601040608,20260104,13,8,16,シンガソング,2022107300,牝4,53.0,△舟山瑠,01221,12.0,69.7,1:13.2,２1/2,②①,39.4,[美]土田稔,00417,434(＋4)
202601040608,20260104,14,3,5,ヒットミー,2022104394,牝4,54.0,△長浜鴻,01214,6.0,9.9,1:13.3,3/4,⑤⑤,39.2,[美]鹿戸雄一,01097,480(＋4)
202601040608,20260104,15,8,15,デルマエアロール,2022105535,牝4,56.0,杉原誠人,01135,4.0,7.9,1:13.3,ハナ,②②,39.4,[美]大和田成,01124,454(＋2)
202601040608,20260104,16,7,14,パレスドフィーヌ,2021105373,牝5,56.0,津村明秀,01092,2.0,5.8,1:14.1,５,①③,40.3,[美]鈴木慎太,01179,496(0)
202601040609,20260104,1,3,3,アスクデビューモア,2021104824,牡5,58.0,岩田康誠,05203,5.0,11.0,1:53.1,,⑪⑪②①,38.1,[栗]福永祐一,01203,462(－4)
202601040609,20260104,2,4,4,ゴールドアローン,2021106874,牝5,56.0,菊沢一樹,01161,8.0,22.6,1:53.4,１3/4,⑥⑥⑦⑥,38.0,[美]青木孝文,01156,474(0)
202601040609,20260104,3,8,10,バギーウィップ,2022102987,牡4,57.0,武藤雅,01169,1.0,2.6,1:53.5,1/2,⑤⑤⑤③,38.4,[美]萩原清,01017,506(0)
202601040609,20260104,4,2,2,デコラシオン,2019104805,牡7,58.0,戸崎圭太,05386,2.0,3.3,1:53.7,１1/4,③④⑤③,38.5,[美]高木登,01088,518(0)
202601040609,20260104,5,6,6,ギーロカスタル,2020104845,牡6,58.0,原優介,01184,11.0,131.1,1:53.8,1/2,⑧⑧⑦⑥,38.4,[美]伊藤大士,01109,498(＋4)
202601040609,20260104,6,8,11,リバートゥルー,2020102703,牝6,56.0,吉田豊,00733,3.0,6.5,1:53.9,1/2,⑧⑧⑩⑩,38.3,[美]久保田貴,01067,466(0)
202601040609,20260104,7,6,7,タンゴバイラリン,2021105272,セ5,58.0,菅原明良,01179,6.0,16.5,1:54.0,1/2,⑦⑦⑦⑥,38.7,[美]栗田徹,01127,518(－10)
202601040609,20260104,8,7,8,カネトシブルーム,2019106475,牡7,58.0,柴田大知,01009,9.0,115.7,1:55.6,１０,②②②⑨,40.6,[栗]大橋勇樹,01065,522(0)
202601040609,20260104,9,5,5,ウィステリアリヴァ,2020104708,牡6,58.0,石橋脩,01077,4.0,6.6,1:55.6,クビ,①①①②,40.7,[美]小野次郎,01125,502(0)
202601040609,20260104,10,1,1,グランツアーテム,2018106693,牡8,58.0,荻野極,01160,10.0,127.3,1:55.6,ハナ,⑩⑧⑪⑪,39.8,[美]中川公成,01081,520(＋6)
202601040609,20260104,11,7,9,アンジュフィールド,2020101582,牝6,56.0,三浦皇成,01122,7.0,17.4,1:56.2,３1/2,③③②③,41.2,[栗]矢作芳人,01075,462(－8)
202601040610,20260104,1,4,4,リゾートアイランド,2023106916,牡3,57.0,津村明秀,01092,1.0,2.3,1:34.8,,③③③,34.9,[美]上原佑紀,01192,508(＋2)
202601040610,20260104,2,5,5,サレジオ,2023107014,牡3,57.0,戸崎圭太,05386,2.0,3.3,1:34.8,ハナ,⑥⑥④,34.4,[美]田中博康,01162,504(－6)
202601040610,20260104,3,7,7,ジーティーシンドウ,2023102083,牡3,57.0,菅原明良,01179,3.0,3.8,1:34.8,ハナ,②②②,35.1,[美]栗田徹,01127,440(＋2)
202601040610,20260104,4,6,6,グランセレスト,2023100953,牡3,57.0,三浦皇成,01122,6.0,31.1,1:34.8,ハナ,①①①,35.2,[美]竹内正洋,01152,522(－6)
202601040610,20260104,5,1,1,[地]コスモギガンティア,2023106492,牡3,57.0,矢野貴之,05380,7.0,45.0,1:35.0,１1/4,⑧⑧⑧,33.9,[招]河津裕昭,05439,476(－1)
202601040610,20260104,6,8,8,オーライカモン,2023105011,牡3,57.0,横山武史,01170,5.0,15.3,1:35.1,クビ,③③④,35.1,[栗]田中克典,01180,522(0)
202601040610,20260104,7,2,2,マーゴットブロー,2023105356,牡3,57.0,荻野極,01160,4.0,7.1,1:35.2,3/4,⑤⑤⑥,35.0,[美]伊坂重信,01177,510(＋6)
202601040610,20260104,8,3,3,フレンドモナコ,2023106197,牡3,57.0,吉田豊,00733,8.0,97.1,1:35.4,１1/4,⑥⑥⑦,35.0,[美]南田美知,00437,422(＋6)
202601040611,20260104,1,7,11,カラマティアノス,2022104896,牡4,55.0,津村明秀,01092,7.0,14.8,2:00.3,,④④③②,34.4,[美]奥村武,01145,478(＋2)
202601040611,20260104,2,2,2,アンゴラブラック,2021105738,牝5,55.0,戸崎圭太,05386,1.0,3.2,2:00.3,ハナ,⑤⑥⑦⑤,34.1,[美]尾関知人,01103,480(＋10)
202601040611,20260104,3,5,8,グランディア,2019105302,セ7,56.0,横山武史,01170,4.0,7.8,2:00.3,クビ,⑧⑨⑨⑨,34.0,[栗]中内田充,01137,484(－4)
202601040611,20260104,4,3,3,カネラフィーナ,2022104839,牝4,54.0,石川裕紀,01150,2.0,4.6,2:00.6,１1/2,⑧⑨⑨⑨,34.2,[美]手塚貴久,01038,478(0)
202601040611,20260104,5,4,5,ピースワンデュック,2021101134,牡5,55.0,柴田善臣,00641,5.0,11.0,2:00.6,ハナ,①①①①,35.0,[美]大竹正博,01102,458(＋4)
202601040611,20260104,6,8,14,リカンカブール,2019103823,セ7,57.0,菅原明良,01179,12.0,39.1,2:00.6,クビ,②②②②,34.9,[栗]田中克典,01180,484(＋2)
202601040611,20260104,7,6,10,リフレーミング,2018104225,牡8,57.0,石橋脩,01077,14.0,98.9,2:00.6,アタマ,⑬⑫⑪⑨,34.0,[栗]藤野健太,01200,472(0)
202601040611,20260104,8,7,12,マイネルモーント,2020105749,牡6,56.0,丹内祐次,01091,11.0,25.7,2:00.7,クビ,⑤⑤⑤④,34.7,[美]高木登,01088,474(＋10)
202601040611,20260104,9,3,4,ブランデーロック,2019107075,牡7,51.0,原優介,01184,13.0,95.9,2:00.9,１,⑫⑫⑬⑫,34.2,[美]青木孝文,01156,488(－6)
202601040611,20260104,10,6,9,マイネルオーシャン,2021106766,牡5,55.0,矢野貴之,05380,8.0,18.4,2:00.9,ハナ,⑪⑪⑪⑫,34.3,[美]鹿戸雄一,01097,482(＋2)
202601040611,20260104,11,5,7,ウエストナウ,2021106645,牡5,57.0,荻野極,01160,10.0,25.6,2:00.9,ハナ,⑧⑥⑤⑦,34.8,[栗]佐々木晶,00429,500(＋2)
202601040611,20260104,12,1,1,ケイアイセナ,2019100318,牡7,57.0,吉田隼人,01095,3.0,6.7,2:01.0,１,②②③⑤,35.2,[栗]平田修,01082,482(＋12)
202601040611,20260104,13,8,13,シリウスコルト,2021104094,牡5,58.5,三浦皇成,01122,6.0,13.6,2:01.0,アタマ,⑦⑧⑦⑦,34.8,[美]田中勝春,01207,506(＋2)
202601040611,20260104,14,4,6,ニシノエージェント,2022106155,牡4,56.0,田辺裕信,01075,9.0,22.3,2:01.1,クビ,⑬⑫⑭⑭,34.3,[美]千葉直人,01199,478(＋2)
202601040612,20260104,1,7,13,スリーピース,2022104972,セ4,58.0,三浦皇成,01122,6.0,8.2,1:11.0,,②②,36.2,[美]武井亮,01147,472(＋12)
202601040612,20260104,2,2,3,(外)ジャスパーソレイユ,2022110111,牡4,58.0,丸山元気,01127,2.0,4.6,1:11.2,１1/4,①①,36.5,[栗]森秀行,00427,478(＋2)
202601040612,20260104,3,8,16,ショウナンハクウン,2020103670,牡6,58.0,荻野極,01160,1.0,4.2,1:11.4,１1/4,③③,36.4,[美]大竹正博,01102,508(0)
202601040612,20260104,4,2,4,タイセイピューマ,2021106119,牡5,55.0,▲石田拓,01203,7.0,15.7,1:11.5,1/2,⑦⑥,36.2,[美]新開幸一,01116,492(0)
202601040612,20260104,5,3,5,(地)ケープアグラス,2021100382,牝5,56.0,伊藤工真,01119,10.0,54.8,1:11.6,3/4,④④,36.5,[美]金成貴史,01132,478(＋4)
202601040612,20260104,6,8,15,ラーナローザ,2022102785,牝4,53.0,▲大久保,01194,5.0,7.3,1:11.7,アタマ,⑦⑧,36.4,[美]畠山吉宏,01048,498(＋4)
202601040612,20260104,7,1,2,テセラリアン,2021100338,牝5,56.0,菅原明良,01179,4.0,6.6,1:11.7,ハナ,④④,36.6,[美]鈴木慎太,01179,438(0)
202601040612,20260104,8,4,8,(地)ヴィクトリーロード,2020103931,牡6,58.0,菊沢一樹,01161,11.0,66.9,1:11.9,１1/4,⑩⑩,36.3,[美]畠山吉宏,01048,486(0)
202601040612,20260104,9,6,11,ヴェルトラウム,2021104903,セ5,58.0,武藤雅,01169,13.0,91.8,1:12.0,１,⑫⑫,36.3,[美]西田雄一,01187,454(＋2)
202601040612,20260104,10,5,9,モリノセピア,2021106307,牡5,58.0,横山武史,01170,3.0,5.4,1:12.1,クビ,⑩⑩,36.5,[美]鈴木伸尋,01026,500(＋2)
202601040612,20260104,11,4,7,クラリティスケール,2019103442,牝7,56.0,石川裕紀,01150,12.0,76.2,1:12.3,１,⑬⑬,36.2,[栗]藤野健太,01200,472(＋18)
202601040612,20260104,12,3,6,(外)ヒストリアイ,2021110062,セ5,58.0,原優介,01184,8.0,26.1,1:12.7,２1/2,⑬⑭,36.6,[美]堀宣行,01070,554(＋18)
202601040612,20260104,13,1,1,(地)バンブトンプロ,2020106562,牡6,58.0,柴田大知,01009,16.0,246.3,1:12.8,3/4,⑦⑥,37.5,[美]粕谷昌央,01096,506(＋4)
202601040612,20260104,14,7,14,ロッカバイベイビー,2022103725,牝4,53.0,▲佐藤翔,01207,9.0,29.3,1:13.2,２1/2,⑥⑧,38.0,[美]伊藤圭三,01023,452(－2)
202601040612,20260104,15,5,10,(地)コスタデラルス,2022107309,牡4,55.0,▲石神深,01209,14.0,184.5,1:13.4,１,⑮⑮,37.2,[美]和田雄二,01143,442(＋6)
202601040612,20260104,16,6,12,(地)グリーンライズ,2019102421,セ7,58.0,原田和真,01143,15.0,223.1,1:13.8,２1/2,⑯⑯,36.9,[美]和田雄二,01143,468(＋24)
202601040801,20260104,1,5,9,リーグナイト,2023106284,牡3,54.0,▲田山旺,01220,1.0,2.0,1:13.2,,⑫⑩,35.8,[栗]新谷功一,01172,464(＋6)
202601040801,20260104,2,4,7,ビスケットアソート,2023103517,牡3,57.0,富田暁,01168,8.0,22.0,1:13.3,3/4,④④,36.8,[栗]武英智,01161,468(0)
202601040801,20260104,3,8,16,(外)ミラヴェリタ,2023107521,牝3,55.0,吉村誠之,01216,5.0,15.2,1:13.4,クビ,⑦⑦,36.6,[栗]吉村圭司,01130,468(0)
202601040801,20260104,4,7,14,タナスーペルノーバ,2023102661,牡3,55.0,◇今村聖,01193,2.0,5.4,1:13.5,1/2,①①,37.3,[栗]寺島良,01158,466(＋2)
202601040801,20260104,5,2,3,クロカミジョウ,2023101500,牝3,55.0,菱田裕二,01144,13.0,124.1,1:13.5,アタマ,⑬⑫,36.1,[栗]岡田稲男,01066,470(－6)
202601040801,20260104,6,2,4,マクアケ,2023100452,牡3,57.0,鮫島克駿,01157,7.0,20.8,1:13.6,3/4,⑩⑨,36.5,[栗]杉山佳明,01178,490(－2)
202601040801,20260104,7,3,5,テーオーアンジェラ,2023107378,牝3,55.0,西村淳也,01171,3.0,5.6,1:14.2,３1/2,④④,37.7,[栗]梅田智之,01084,452(＋8)
202601040801,20260104,8,4,8,ジーティーリボーン,2023105353,牝3,55.0,ハマーハ,05676,4.0,12.2,1:14.4,１1/2,②②,38.1,[栗]中村直也,01186,442(－12)
202601040801,20260104,9,6,11,バンダムソレール,2023102317,牡3,57.0,和田竜二,01018,15.0,172.8,1:14.4,ハナ,⑬⑬,36.8,[栗]小栗実,01194,460(－2)
202601040801,20260104,10,1,1,ダイチノナポリ,2023109106,牝3,55.0,太宰啓介,01037,6.0,16.7,1:14.4,ハナ,⑨⑩,37.4,[栗]畑端省吾,01188,428(＋4)
202601040801,20260104,11,5,10,ケイアイブラック,2023105761,牡3,57.0,藤懸貴志,01138,10.0,63.4,1:14.7,１1/2,⑦⑦,37.9,[栗]梅田智之,01084,480(－4)
202601040801,20260104,12,7,13,ワイドアルバ,2023106359,牡3,57.0,松若風馬,01154,11.0,68.8,1:14.7,ハナ,②②,38.4,[栗]藤野健太,01200,484(＋8)
202601040801,20260104,13,8,15,アメジストブルー,2023104768,牝3,55.0,国分優作,01125,16.0,251.8,1:14.8,1/2,⑮⑬,37.1,[栗]浜田多実,01138,464(－12)
202601040801,20260104,14,1,2,オリヒメボシ,2023103612,牝3,55.0,田口貫太,01208,9.0,34.3,1:14.9,１,④⑥,38.4,[栗]庄野靖志,01087,436(＋10)
202601040801,20260104,15,3,6,シュトルムカイザー,2023103575,セ3,57.0,国分恭介,01124,14.0,172.7,1:15.1,１,⑮⑯,37.4,[栗]野中賢二,01098,488(0)
202601040801,20260104,16,6,12,ジョーヴェスタ,2023100287,牝3,55.0,池添謙一,01032,12.0,112.7,1:18.2,大差,⑩⑬,40.9,[栗]松下武士,01149,446(－4)
202601040802,20260104,1,1,2,タガノエルー,2023104324,牡3,57.0,秋山稔樹,01181,9.0,49.7,1:53.5,,⑨⑨⑤④,37.3,[栗]宮徹,01018,460(0)
202601040802,20260104,2,2,4,リアライズグリント,2023103720,牡3,57.0,坂井瑠星,01163,1.0,1.5,1:53.6,１,③③③②,37.7,[栗]矢作芳人,01075,490(＋16)
202601040802,20260104,3,7,14,アミラル,2023104682,牡3,54.0,▲田山旺,01220,5.0,16.0,1:54.8,７,⑨⑨⑨⑨,37.8,[栗]渡辺薫彦,01155,478(－4)
202601040802,20260104,4,4,8,ハオカノア,2023106078,牡3,57.0,小崎綾也,01152,6.0,26.8,1:55.1,２,⑫⑪⑧⑦,38.5,[栗]小崎憲,01085,482(＋2)
202601040802,20260104,5,4,7,ディープシャロー,2023100621,牡3,57.0,古川吉洋,01015,4.0,11.5,1:55.4,２,①①①①,39.9,[栗]本田優,01099,502(－4)
202601040802,20260104,6,6,11,ナウオアネヴァー,2023104408,牡3,57.0,高杉吏麒,01213,2.0,6.4,1:55.8,２,②②④④,39.8,[栗]寺島良,01158,510(＋6)
202601040802,20260104,7,1,1,サンライズフリード,2023100902,牡3,57.0,城戸義政,01147,15.0,171.5,1:56.1,２,⑤③⑤⑦,39.7,[栗]小林真也,01185,520(－2)
202601040802,20260104,8,8,15,ロードファイター,2023100430,牡3,57.0,西村淳也,01171,8.0,42.4,1:56.3,１1/4,⑫⑪⑪⑩,38.9,[栗]東田明士,01209,460(－10)
202601040802,20260104,9,3,5,ピエナオルカ,2023100715,牡3,53.0,★河原田,01204,3.0,8.0,1:56.3,ハナ,③③⑤⑥,39.9,[栗]谷潔,00431,486(＋2)
202601040802,20260104,10,2,3,サンライズナスカ,2023100945,牡3,57.0,藤懸貴志,01138,10.0,57.4,1:56.4,1/2,⑯⑯⑯⑬,38.4,[栗]小林真也,01185,506(－14)
202601040802,20260104,11,3,6,ロジャートアリー,2023104990,牡3,57.0,富田暁,01168,7.0,27.8,1:56.6,１,⑦⑥⑨⑪,39.3,[栗]野中賢二,01098,466(－2)
202601040802,20260104,12,5,9,テイエムテンジン,2023101329,牡3,57.0,国分優作,01125,11.0,94.0,1:57.0,２1/2,⑮⑮②②,41.4,[栗]小椋研介,01197,460(－8)
202601040802,20260104,13,7,13,サマーナジュム,2023104379,牡3,56.0,☆松本大,01191,12.0,107.9,1:57.5,２1/2,⑦⑧⑬⑮,39.6,[栗]角田晃一,01121,490(＋4)
202601040802,20260104,14,5,10,サニーサイドラガー,2023104236,牡3,57.0,鮫島克駿,01157,14.0,142.6,1:59.0,９,⑭⑭⑭⑫,41.2,[栗]牧田和弥,01123,512(0)
202601040802,20260104,15,6,12,ムソウテンセイ,2023107472,牡3,57.0,和田竜二,01018,13.0,122.3,1:59.5,３,⑤⑥⑪⑬,41.9,[栗]鈴木孝志,01111,432(－2)
202601040802,20260104,16,8,16,(外)エコログレン,2023110060,牡3,57.0,国分恭介,01124,16.0,281.8,2:01.0,９,⑨⑪⑮⑯,42.8,[栗]牧浦充徳,01113,484(＋2)
202601040803,20260104,1,6,11,ハードシングス,2023103151,牡3,57.0,松若風馬,01154,3.0,5.8,1:26.6,,⑦⑦,37.6,[栗]小崎憲,01085,462(＋2)
202601040803,20260104,2,1,2,オプティモ,2023104805,牡3,57.0,吉村誠之,01216,8.0,15.9,1:26.6,アタマ,④③,37.9,[栗]緒方努,01193,490(＋2)
202601040803,20260104,3,1,1,メイショウバルク,2023101951,牡3,57.0,松山弘平,01126,2.0,5.4,1:27.0,２1/2,④⑥,38.3,[栗]安達昭夫,01042,490(＋2)
202601040803,20260104,4,8,15,フリッシュ,2023101231,牡3,57.0,藤懸貴志,01138,14.0,142.8,1:27.1,1/2,⑭⑭,37.5,[栗]平田修,01082,492(0)
202601040803,20260104,5,2,4,アニマレイ,2023105279,牡3,57.0,川田将雅,01088,1.0,3.1,1:27.1,アタマ,③①,38.5,[栗]須貝尚介,01105,482(＋8)
202601040803,20260104,6,2,3,ムスクレスト,2023104402,牡3,57.0,武豊,00666,7.0,13.0,1:27.1,クビ,⑮⑩,37.4,[栗]安田翔伍,01164,466(＋6)
202601040803,20260104,7,3,6,ユウトザケンケン,2023107450,牡3,57.0,小崎綾也,01152,16.0,325.1,1:27.6,２1/2,⑩⑩,38.4,[栗]小崎憲,01085,484(＋16)
202601040803,20260104,8,5,9,ジャーナーリア,2023100596,牡3,57.0,和田竜二,01018,6.0,9.6,1:27.7,3/4,④③,38.9,[栗]本田優,01099,520(＋2)
202601040803,20260104,9,6,12,サンタカリス,2023100986,牝3,55.0,田口貫太,01208,9.0,36.9,1:27.8,クビ,⑫⑩,38.4,[栗]秋山真一,01212,440(－2)
202601040803,20260104,10,5,10,グレートアゲイン,2023100567,牡3,57.0,鮫島克駿,01157,15.0,298.6,1:28.0,１1/4,⑯⑯,38.0,[栗]牧浦充徳,01113,480(＋22)
202601040803,20260104,11,7,13,モズプリフォール,2023105738,牡3,57.0,坂井瑠星,01163,4.0,7.5,1:28.0,アタマ,⑩⑩,38.8,[栗]矢作芳人,01075,504(－12)
202601040803,20260104,12,7,14,サマーブリザード,2023104692,牡3,56.0,☆西塚洸,01200,13.0,97.3,1:28.1,クビ,⑫⑭,38.6,[栗]吉田直弘,01101,458(＋6)
202601040803,20260104,13,8,16,ココラッシー,2023104040,牡3,57.0,ハマーハ,05676,5.0,9.2,1:28.1,クビ,⑦⑦,39.0,[栗]西園翔太,01196,440(0)
202601040803,20260104,14,4,8,トーアウィリアム,2023103848,牡3,54.0,▲森田誠,01222,11.0,72.0,1:28.5,２,②②,40.1,[栗]牧田和弥,01123,486(＋10)
202601040803,20260104,15,3,5,ルーセントムーン,2023100690,牡3,57.0,斎藤新,01178,10.0,72.0,1:30.0,９,⑦⑦,41.0,[栗]高橋一哉,01206,482(＋18)
202601040803,20260104,16,4,7,セレブトーチ,2023105833,牝3,55.0,西村淳也,01171,12.0,90.4,1:31.4,８,①③,43.0,[栗]坂口智康,01170,500(－6)
202601040804,20260104,1,4,4,ペイシャプル,2023102998,牡3,55.0,◇永島ま,01187,4.0,5.1,1:55.2,,①①①①,39.6,[栗]高橋康之,01135,492(---)
202601040804,20260104,2,1,1,ハイビッグゴールド,2023102773,牡3,55.0,△柴田裕,01212,12.0,114.4,1:56.1,５,⑪⑪⑦⑥,39.1,[栗]谷潔,00431,486(---)
202601040804,20260104,3,5,6,ウインモンクール,2023105889,牡3,57.0,松山弘平,01126,1.0,4.6,1:56.2,１,⑤⑤⑤④,39.8,[栗]新谷功一,01172,480(---)
202601040804,20260104,4,7,9,ヴォメロ,2023103868,牝3,55.0,池添謙一,01032,6.0,8.2,1:56.4,１,②③③③,40.5,[栗]宮地貴稔,01211,454(---)
202601040804,20260104,5,5,5,ハイロード,2023102761,牡3,57.0,国分優作,01125,2.0,4.7,1:56.4,アタマ,②②②②,40.7,[栗]浜田多実,01138,470(---)
202601040804,20260104,6,3,3,ジュンクロノシップ,2023104586,牡3,57.0,和田竜二,01018,9.0,63.3,1:56.8,２1/2,⑤⑤⑧⑧,39.1,[栗]浜田多実,01138,504(---)
202601040804,20260104,7,6,8,エナジーイッセイ,2023105735,牝3,55.0,鮫島克駿,01157,5.0,7.9,1:57.9,７,④④④④,41.7,[栗]高柳大輔,01159,474(---)
202601040804,20260104,8,2,2,シャイニーデイ,2023100492,牡3,56.0,☆松本大,01191,11.0,110.7,1:57.9,クビ,⑦⑧⑨⑨,40.0,[栗]羽月友彦,01091,456(---)
202601040804,20260104,9,7,10,ウインアレグロ,2023105882,牝3,55.0,国分恭介,01124,8.0,32.4,2:00.4,大差,⑩⑩⑩⑩,42.1,[栗]西園正都,01028,484(---)
202601040804,20260104,10,8,12,ショーライトイヤー,2023105019,牡3,57.0,武豊,00666,3.0,4.7,2:00.6,3/4,⑦⑧⑥⑦,43.7,[栗]石橋守,01140,486(---)
202601040804,20260104,11,8,11,レッドジェンマ,2023103614,牡3,57.0,岡田祥嗣,05429,10.0,104.6,2:03.2,大差,⑫⑫⑪⑪,41.8,[栗]安田翔伍,01164,518(---)
202601040804,20260104,中止,6,7,ウォーターハクビ,2023101665,牡3,55.0,△鷲頭虎,01202,7.0,10.0,,,⑦⑤⑫⑫,,[栗]井上智史,01214,478(---)
202601040805,20260104,1,4,8,タイキルッジェーロ,2023102178,牡3,57.0,斎藤新,01178,13.0,170.6,1:50.5,,②②,34.5,[栗]高野友和,01117,504(---)
202601040805,20260104,2,1,2,フォーチュンライド,2023103343,牝3,55.0,川田将雅,01088,1.0,2.6,1:50.5,アタマ,③③,34.3,[栗]福永祐一,01203,480(---)
202601040805,20260104,3,7,15,オーブフレッシュ,2023100990,牝3,55.0,西村淳也,01171,6.0,21.3,1:51.0,３,①①,35.2,[栗]辻野泰之,01183,454(---)
202601040805,20260104,4,6,12,ウィスカーパッド,2023103380,牝3,55.0,高杉吏麒,01213,2.0,3.9,1:51.1,１,⑥⑤,34.6,[栗]藤岡健一,01062,440(---)
202601040805,20260104,5,7,14,エイカイコバチ,2023107144,牝3,54.0,☆西塚洸,01200,8.0,41.1,1:51.2,クビ,③③,35.0,[栗]藤原英昭,01055,452(---)
202601040805,20260104,6,8,17,レッドパラジウム,2023105417,牡3,57.0,吉村誠之,01216,3.0,4.6,1:51.3,１,⑬⑬,34.5,[栗]清水久詞,01110,474(---)
202601040805,20260104,7,4,7,プロスト,2023101677,牡3,57.0,松若風馬,01154,9.0,43.4,1:51.4,1/2,⑬⑬,34.5,[栗]梅田智之,01084,460(---)
202601040805,20260104,8,2,4,ブルーザー,2023106218,牡3,57.0,松山弘平,01126,7.0,22.1,1:51.6,１1/2,⑥⑤,35.1,[栗]池添学,01144,506(---)
202601040805,20260104,9,5,9,ガルフコースト,2023101395,牡3,57.0,武豊,00666,5.0,21.0,1:51.6,ハナ,⑨⑨,35.0,[栗]須貝尚介,01105,528(---)
202601040805,20260104,10,3,6,プラウドブルーベル,2023104919,牡3,56.0,☆松本大,01191,18.0,288.2,1:51.7,クビ,⑬⑮,34.7,[栗]長谷川浩,01173,450(---)
202601040805,20260104,11,3,5,ベラジオヴァレル,2023103591,牡3,57.0,岩田望来,01174,4.0,6.3,1:51.8,1/2,⑨⑨,35.2,[栗]上村洋行,01168,504(---)
202601040805,20260104,12,1,1,アンフルラージュ,2023104695,牝3,55.0,小沢大仁,01185,14.0,216.0,1:52.1,２,⑨⑨,35.4,[栗]石坂公一,01166,426(---)
202601040805,20260104,13,8,16,クータモ,2023104407,牡3,57.0,鮫島克駿,01157,12.0,140.7,1:52.3,１,⑨⑨,35.6,[栗]大久保龍,01058,448(---)
202601040805,20260104,14,6,11,ゴルトミュンツェ,2023101398,牝3,55.0,亀田温心,01176,15.0,233.2,1:52.4,1/2,⑯⑮,35.3,[栗]高柳大輔,01159,424(---)
202601040805,20260104,15,8,18,キャスパン,2023106639,牝3,52.0,▲川端海,01195,16.0,243.8,1:52.6,１1/4,⑰⑰,35.3,[栗]清水久詞,01110,448(---)
202601040805,20260104,16,7,13,ボクサークラブ,2023103395,牡3,57.0,坂井瑠星,01163,10.0,68.6,1:52.6,ハナ,⑥⑤,36.2,[栗]杉山佳明,01178,480(---)
202601040805,20260104,17,2,3,エレノアサンライズ,2023106552,牝3,55.0,菱田裕二,01144,17.0,255.7,1:54.7,大差,⑰⑱,37.3,[栗]石坂公一,01166,400(---)
202601040805,20260104,18,5,10,エクセレンプライム,2023106668,牝3,55.0,富田暁,01168,11.0,119.0,1:55.0,２,⑤⑤,38.6,[栗]武英智,01161,460(---)
202601040806,20260104,1,2,2,ジュウリョクピエロ,2023102979,牝3,53.0,◇今村聖,01193,7.0,55.6,2:00.9,,④④④④,34.0,[栗]寺島良,01158,470(－2)
202601040806,20260104,2,4,4,エアビーアゲイル,2023103342,牝3,55.0,岩田望来,01174,2.0,3.8,2:01.1,１1/2,③③③③,34.4,[栗]辻野泰之,01183,460(－2)
202601040806,20260104,3,3,3,ウィズクィーン,2023103417,牝3,55.0,坂井瑠星,01163,6.0,12.4,2:01.2,クビ,②②②②,34.8,[栗]上村洋行,01168,440(＋16)
202601040806,20260104,4,1,1,スカイスプレンダー,2023103907,牡3,57.0,佐々木大,01197,1.0,2.3,2:01.2,クビ,⑥⑥⑥⑥,34.1,[栗]池江泰寿,01071,474(0)
202601040806,20260104,5,6,6,シャドウマスター,2023103423,牡3,57.0,北村友一,01102,5.0,8.7,2:01.3,1/2,⑤⑤④④,34.4,[栗]杉山晴紀,01157,494(＋6)
202601040806,20260104,6,5,5,カレントゥルーシー,2023100553,牡3,57.0,松山弘平,01126,4.0,6.5,2:01.5,１1/2,①①①①,35.3,[栗]鈴木孝志,01111,494(＋2)
202601040806,20260104,7,7,7,ヴァロンブローサ,2023106902,牡3,57.0,ハマーハ,05676,3.0,4.8,2:01.9,２,⑥⑥⑥⑥,34.8,[栗]池添学,01144,460(＋2)
202601040807,20260104,1,2,2,クインズショコラ,2022100159,牝4,52.0,▲田山旺,01220,5.0,12.3,1:53.5,,④⑤⑦⑦,36.8,[栗]新谷功一,01172,504(＋28)
202601040807,20260104,2,8,10,ハギノコラソン,2022100439,牝4,55.0,岩田望来,01174,2.0,2.8,1:54.0,３,⑨⑨⑧⑦,37.2,[栗]寺島良,01158,470(0)
202601040807,20260104,3,5,5,オリジナルファイン,2022102906,牝4,55.0,吉村誠之,01216,3.0,5.4,1:54.0,ハナ,⑨⑨⑧⑦,37.2,[栗]清水久詞,01110,508(＋2)
202601040807,20260104,4,1,1,ヴァリオーサ,2022105711,牝4,55.0,富田暁,01168,6.0,19.7,1:54.2,１,④④③③,37.7,[栗]武幸四郎,01160,482(－6)
202601040807,20260104,5,7,7,キャットテイル,2022101678,牝4,54.0,☆西塚洸,01200,8.0,24.6,1:54.4,１,①①①①,38.2,[栗]野中賢二,01098,426(－4)
202601040807,20260104,6,3,3,サンコンクエスト,2022104970,牝4,55.0,斎藤新,01178,4.0,8.9,1:54.4,クビ,②②②②,38.1,[栗]渡辺薫彦,01155,552(＋10)
202601040807,20260104,7,7,8,(地)ラグナトーレ,2022106185,牝4,51.0,★河原田,01204,10.0,53.0,1:54.5,1/2,④⑤③③,37.9,[栗]角田晃一,01121,454(－13)
202601040807,20260104,8,4,4,メイショウウメゴチ,2022102768,牝4,55.0,秋山稔樹,01181,9.0,35.9,1:55.2,４,②②⑩⑩,38.1,[栗]高橋義忠,01129,410(0)
202601040807,20260104,9,8,9,アンジュアルディ,2022102954,牝4,55.0,横山典弘,00660,1.0,2.8,1:55.9,４,⑧⑦③③,39.3,[栗]昆貢,01044,470(－12)
202601040807,20260104,10,6,6,オーケーエンジェル,2022104553,牝4,55.0,高杉吏麒,01213,7.0,21.8,2:00.5,大差,⑦⑦③③,44.0,[栗]笹田和秀,01104,450(＋4)
202601040808,20260104,1,6,11,イマージョン,2022104600,牡4,58.0,北村友一,01102,2.0,3.4,1:12.6,,②②,36.0,[栗]高野友和,01117,516(0)
202601040808,20260104,2,1,1,ロードヴァルカン,2022100660,牡4,58.0,岩田望来,01174,1.0,3.0,1:12.6,クビ,③③,35.9,[栗]中村直也,01186,462(＋2)
202601040808,20260104,3,3,5,(地)ダノンモンテローザ,2021100158,セ5,58.0,西村淳也,01171,4.0,9.8,1:12.7,1/2,⑪⑩,35.2,[栗]茶木太樹,01181,506(0)
202601040808,20260104,4,8,15,ペンテリコン,2022104644,牝4,56.0,武豊,00666,6.0,12.7,1:13.1,２,⑧⑥,35.8,[栗]武幸四郎,01160,484(－4)
202601040808,20260104,5,7,14,キーガッツ,2022106513,牡4,55.0,▲和田陽,01223,8.0,19.2,1:13.2,3/4,③③,36.5,[栗]杉山佳明,01178,464(＋2)
202601040808,20260104,6,6,12,サンライズジュピタ,2022103307,牡4,58.0,高杉吏麒,01213,10.0,35.5,1:13.2,ハナ,⑤⑤,36.4,[栗]石坂公一,01166,512(－4)
202601040808,20260104,7,5,9,メイショウゴールド,2022103188,牡4,58.0,団野大成,01180,5.0,12.7,1:13.5,１1/2,⑬⑬,35.8,[栗]荒川義之,01095,462(＋2)
202601040808,20260104,8,4,7,(地)グランパリッシュ,2021100708,牝5,53.0,▲田山旺,01220,16.0,153.9,1:13.5,クビ,⑪⑩,36.1,[栗]畑端省吾,01188,450(＋3)
202601040808,20260104,9,4,8,インディゴアスール,2022103440,牡4,58.0,藤懸貴志,01138,11.0,54.5,1:13.6,クビ,⑮⑮,35.7,[栗]鈴木孝志,01111,520(－6)
202601040808,20260104,10,1,2,アーデルリーベ,2022104633,牝4,53.0,▲森田誠,01222,7.0,14.5,1:13.6,クビ,⑧⑥,36.5,[栗]斉藤崇史,01151,454(－4)
202601040808,20260104,11,7,13,ヴェントインコーダ,2022103195,牝4,56.0,藤岡佑介,01093,3.0,9.1,1:13.7,クビ,⑧⑩,36.4,[栗]角田晃一,01121,476(－2)
202601040808,20260104,12,5,10,スパークルジョイ,2021101891,牝5,56.0,斎藤新,01178,15.0,125.5,1:13.7,アタマ,①①,37.4,[栗]前川恭子,01210,454(＋2)
202601040808,20260104,13,3,6,ジュエルハウス,2022103150,牝4,56.0,酒井学,01034,14.0,83.5,1:13.8,1/2,⑥⑨,36.7,[栗]西園正都,01028,472(＋8)
202601040808,20260104,14,8,16,スカイブルー,2022100136,牡4,58.0,小崎綾也,01152,9.0,22.9,1:13.9,3/4,⑥⑥,36.9,[栗]佐藤悠太,01205,522(0)
202601040808,20260104,15,2,3,(地)ユーヴェリア,2021107278,牝5,54.0,△柴田裕,01212,13.0,82.9,1:13.9,アタマ,⑬⑬,36.2,[栗]宮本博,01073,446(－4)
202601040808,20260104,16,2,4,バシリス,2022106631,牝4,54.0,◇今村聖,01193,12.0,60.7,1:14.5,３1/2,⑯⑯,36.4,[栗]寺島良,01158,460(－2)
202601040809,20260104,1,6,9,グランドプラージュ,2022105722,牡4,57.0,川田将雅,01088,1.0,1.3,1:52.4,,⑧⑧⑦⑦,35.9,[栗]杉山晴紀,01157,528(＋4)
202601040809,20260104,2,7,11,マナエトレ,2022102691,牡4,57.0,吉村誠之,01216,8.0,44.8,1:53.0,３1/2,②②②②,37.2,[栗]清水久詞,01110,478(＋2)
202601040809,20260104,3,8,13,ドゥラエテルノ,2022102722,牡4,57.0,武豊,00666,2.0,7.3,1:53.0,クビ,⑩⑩⑨⑧,36.2,[栗]武幸四郎,01160,476(＋6)
202601040809,20260104,4,7,10,スーパージョック,2022103733,牡4,57.0,団野大成,01180,3.0,8.9,1:53.1,1/2,①①①①,37.7,[栗]佐々木晶,00429,500(0)
202601040809,20260104,5,3,3,ブルックリンダンス,2022105791,牡4,57.0,亀田温心,01176,5.0,17.9,1:53.3,3/4,④⑤⑤④,37.1,[栗]田中克典,01180,496(＋16)
202601040809,20260104,6,5,6,マッスルバック,2021103809,牡5,58.0,菱田裕二,01144,10.0,78.6,1:53.6,１3/4,②③③③,37.6,[栗]秋山真一,01212,482(0)
202601040809,20260104,7,8,12,キングオブフジ,2021106164,牡5,58.0,中井裕二,01141,11.0,118.6,1:53.6,1/2,⑥⑤⑤④,37.3,[栗]角田晃一,01121,522(＋12)
202601040809,20260104,8,6,8,ショウサンジョージ,2022102131,牡4,57.0,国分優作,01125,7.0,38.7,1:53.8,１1/4,⑫⑫⑫⑪,36.6,[栗]松下武士,01149,496(－2)
202601040809,20260104,9,1,1,クリノフィガロ,2021101226,牡5,58.0,松山弘平,01126,4.0,17.1,1:54.0,１,⑧⑧⑨⑧,37.3,[栗]荒川義之,01095,514(＋2)
202601040809,20260104,10,2,2,ジュンラトゥール,2021104039,牡5,58.0,斎藤新,01178,9.0,66.2,1:54.5,３,⑩⑪⑪⑫,37.4,[栗]浜田多実,01138,460(－2)
202601040809,20260104,11,4,4,サトノシュトラーセ,2021104810,牡5,58.0,岩田望来,01174,6.0,23.9,1:54.6,3/4,④③③④,38.6,[栗]友道康夫,01061,528(＋16)
202601040809,20260104,12,4,5,ワンダフルトゥデイ,2019106671,セ7,58.0,柴田裕一,01212,12.0,175.8,1:54.9,１1/2,⑥⑦⑦⑧,38.4,[栗]中尾秀正,01069,516(－2)
202601040809,20260104,13,5,7,(地)イーサンアイ,2019100326,牡7,58.0,鮫島良太,01099,13.0,234.3,1:54.9,ハナ,⑫⑫⑬⑬,37.5,[栗]河嶋宏樹,01198,476(＋2)
202601040810,20260104,1,2,2,タガノデュード,2021106548,牡5,58.0,古川吉洋,01015,2.0,3.1,2:01.1,,⑥⑤④③,33.6,[栗]宮徹,01018,504(＋2)
202601040810,20260104,2,8,9,ウイントレメンデス,2021106193,牡5,58.0,武豊,00666,1.0,2.8,2:01.1,クビ,⑦⑦②②,33.9,[栗]長谷川浩,01173,480(＋4)
202601040810,20260104,3,7,7,フクノブルーレイク,2022101329,牡4,57.0,高杉吏麒,01213,6.0,13.9,2:01.2,1/2,②③④③,33.6,[美]竹内正洋,01152,450(－6)
202601040810,20260104,4,1,1,クレバーテースト,2019107025,セ7,58.0,ハマーハ,05676,4.0,10.8,2:01.4,１,①①①①,34.3,[栗]佐藤悠太,01205,456(＋4)
202601040810,20260104,5,5,5,メイショウゲキリン,2019104092,牡7,58.0,西塚洸二,01200,7.0,20.4,2:01.4,クビ,④③④③,33.9,[栗]笹田和秀,01104,524(＋10)
202601040810,20260104,6,8,8,バッデレイト,2021102728,牡5,58.0,岩田望来,01174,3.0,3.7,2:01.6,3/4,⑤⑤⑦⑦,33.9,[栗]上村洋行,01168,482(＋6)
202601040810,20260104,7,6,6,リッケンバッカー,2018103590,牡8,58.0,団野大成,01180,8.0,66.6,2:01.6,クビ,⑨⑦⑦⑦,33.9,[栗]西村真幸,01148,482(0)
202601040810,20260104,8,3,3,コスモフロイデ,2019102937,牡7,58.0,和田竜二,01018,9.0,127.2,2:01.6,アタマ,②②②③,34.3,[美]天間昭一,01090,474(0)
202601040810,20260104,9,4,4,インザモーメント,2021106635,牡5,58.0,吉村誠之,01216,5.0,13.7,2:01.8,１,⑦⑦⑦⑦,34.1,[栗]田中克典,01180,500(＋2)
202601040811,20260104,1,7,15,ブエナオンダ,2021105454,牡5,56.5,川田将雅,01088,4.0,7.8,1:33.7,,⑤⑤,33.8,[栗]須貝尚介,01105,456(＋2)
202601040811,20260104,2,6,11,ファーヴェント,2021104893,牡5,56.0,松山弘平,01126,5.0,11.3,1:33.7,アタマ,③③,34.0,[栗]藤原英昭,01055,512(＋4)
202601040811,20260104,3,5,10,ショウナンアデイブ,2019105239,牡7,54.0,池添謙一,01032,18.0,137.7,1:33.7,クビ,③④,33.9,[栗]高野友和,01117,526(＋8)
202601040811,20260104,4,5,9,トロヴァトーレ,2021105557,牡5,58.5,ハマーハ,05676,6.0,11.6,1:33.9,１,⑭⑮,33.2,[美]鹿戸雄一,01097,510(＋6)
202601040811,20260104,5,1,1,ランスオブカオス,2022104401,牡4,57.5,吉村誠之,01216,1.0,2.4,1:33.9,クビ,⑧⑧,33.7,[栗]奥村豊,01146,502(0)
202601040811,20260104,6,3,6,ヤンキーバローズ,2022103051,牡4,56.0,岩田望来,01174,7.0,15.7,1:34.0,1/2,⑧⑧,33.8,[栗]上村洋行,01168,494(＋2)
202601040811,20260104,7,8,16,クルゼイロドスル,2020101813,牡6,57.0,武豊,00666,9.0,25.7,1:34.0,アタマ,⑭⑫,33.3,[栗]高橋義忠,01129,508(＋18)
202601040811,20260104,8,8,17,ラケマーダ,2020101784,牡6,56.0,高杉吏麒,01213,17.0,113.9,1:34.1,クビ,⑦⑦,34.0,[栗]千田輝彦,01120,506(－2)
202601040811,20260104,9,2,3,キープカルム,2021105119,牡5,57.5,坂井瑠星,01163,3.0,7.8,1:34.1,アタマ,⑤⑤,34.1,[栗]中竹和也,01039,506(＋18)
202601040811,20260104,10,2,4,マサノカナリア,2021100019,牝5,52.0,松若風馬,01154,11.0,42.0,1:34.1,アタマ,②②,34.6,[栗]藤野健太,01200,472(＋10)
202601040811,20260104,11,4,7,マテンロウオリオン,2019100965,牡7,56.0,横山典弘,00660,14.0,77.4,1:34.2,クビ,⑪⑩,33.8,[栗]昆貢,01044,492(＋12)
202601040811,20260104,12,1,2,キョウエイブリッサ,2020107001,牡6,55.0,酒井学,01034,8.0,25.0,1:34.2,アタマ,⑪⑫,33.8,[美]武市康男,01089,480(－6)
202601040811,20260104,13,6,12,ホウオウラスカーズ,2018103535,牝8,54.0,木幡巧也,01162,15.0,79.6,1:34.2,アタマ,⑩⑩,33.9,[美]高木登,01088,460(0)
202601040811,20260104,14,3,5,コレペティトール,2020103043,セ6,56.0,富田暁,01168,16.0,111.3,1:34.4,１1/4,⑭⑮,33.7,[栗]中竹和也,01039,490(＋2)
202601040811,20260104,15,4,8,ヤマニンサンパ,2018102020,牡8,56.5,亀田温心,01176,12.0,48.7,1:34.5,1/2,⑰⑰,33.6,[栗]斉藤崇史,01151,488(＋6)
202601040811,20260104,16,7,14,(外)シンフォーエバー,2022110114,牡4,56.0,団野大成,01180,10.0,38.9,1:34.6,3/4,①①,35.5,[栗]森秀行,00427,512(＋6)
202601040811,20260104,17,7,13,ガイアメンテ,2021105808,牡5,55.0,北村友一,01102,2.0,7.5,1:34.7,1/2,⑪⑫,34.2,[栗]須貝尚介,01105,500(＋6)
202601040811,20260104,18,8,18,(外)エアファンディタ,2017110138,セ9,57.0,藤岡佑介,01093,13.0,55.9,1:34.9,１1/4,⑱⑱,33.8,[栗]池添学,01144,458(＋6)
202601040812,20260104,1,7,10,ララマセラシオン,2021100935,牡5,58.0,佐々木大,01197,10.0,31.4,1:22.0,,⑧⑦,33.2,[美]大竹正博,01102,518(－8)
202601040812,20260104,2,8,12,ブルクトーア,2022104694,牡4,57.0,ハマーハ,05676,1.0,3.9,1:22.0,アタマ,②②,34.2,[栗]長谷川浩,01173,500(＋4)
202601040812,20260104,3,5,6,メイショウカイト,2018103368,牝8,56.0,高杉吏麒,01213,2.0,4.6,1:22.0,アタマ,⑩⑩,32.8,[栗]荒川義之,01095,466(＋2)
202601040812,20260104,4,6,8,アドマイヤジェイ,2019105487,牡7,58.0,団野大成,01180,3.0,5.7,1:22.0,ハナ,⑥⑤,33.5,[栗]友道康夫,01061,500(＋8)
202601040812,20260104,5,8,11,クイーンズデイ,2022100962,牝4,55.0,国分恭介,01124,6.0,12.1,1:22.1,1/2,③③,34.0,[栗]岡田稲男,01066,448(＋2)
202601040812,20260104,6,5,5,クイックバイオ,2021105374,牝5,56.0,田口貫太,01208,12.0,40.1,1:22.3,3/4,⑤⑤,33.9,[栗]畑端省吾,01188,496(－2)
202601040812,20260104,7,7,9,スイミーユニバンス,2020103632,牝6,56.0,和田竜二,01018,9.0,24.9,1:22.3,クビ,⑨⑧,33.2,[栗]平田修,01082,424(－2)
202601040812,20260104,8,1,1,タイキヴァンクール,2021103171,牡5,58.0,小崎綾也,01152,4.0,6.0,1:22.4,クビ,③③,34.3,[栗]中尾秀正,01069,522(＋2)
202601040812,20260104,9,2,2,ネーブルオレンジ,2022105431,牝4,52.0,▲和田陽,01223,8.0,15.1,1:22.5,3/4,①①,34.8,[栗]杉山佳明,01178,480(＋10)
202601040812,20260104,10,3,3,サダメ,2021103862,牝5,56.0,横山典弘,00660,5.0,10.3,1:22.9,２,⑪⑪,33.3,[栗]畑端省吾,01188,458(＋2)
202601040812,20260104,11,6,7,シホノペルフェット,2022104627,牡4,57.0,松山弘平,01126,7.0,13.8,1:23.1,１1/4,⑦⑧,34.3,[栗]寺島良,01158,510(－2)
202601040812,20260104,12,4,4,ホウオウサンデー,2018105047,牡8,58.0,北村友一,01102,11.0,34.9,1:23.2,3/4,⑫⑫,33.3,[栗]井上智史,01214,470(－2)
202601050601,20260105,1,3,5,ヴァイオスペース,2023100538,牡3,57.0,丹内祐次,01091,3.0,5.9,1:12.4,,②②,37.6,[美]黒岩陽一,01133,460(＋10)
202601050601,20260105,2,3,6,サトノエスケープ,2023106932,牡3,57.0,横山武史,01170,1.0,2.9,1:12.5,1/2,⑤⑤,37.3,[美]久保田貴,01067,486(＋4)
202601050601,20260105,3,6,11,エコロバロン,2023104992,牡3,57.0,菊沢一樹,01161,4.0,8.3,1:13.1,３1/2,⑫⑩,37.3,[美]菊沢隆徳,01115,496(－2)
202601050601,20260105,4,8,16,ベアゴーフォー,2023101712,牡3,57.0,松岡正海,01085,9.0,34.0,1:13.2,3/4,③③,38.2,[美]杉浦宏昭,01008,468(0)
202601050601,20260105,5,1,2,バル,2023101664,牡3,57.0,柴田大知,01009,10.0,35.3,1:13.2,アタマ,③③,38.2,[美]武市康男,01089,508(0)
202601050601,20260105,6,4,7,ドリームガッサン,2023102748,牝3,55.0,津村明秀,01092,12.0,64.8,1:13.4,3/4,⑩⑨,37.9,[美]鈴木伸尋,01026,432(0)
202601050601,20260105,7,4,8,エクスプレスナイト,2023104074,牡3,57.0,原優介,01184,11.0,44.4,1:13.7,２,⑤⑥,38.5,[美]青木孝文,01156,470(＋2)
202601050601,20260105,8,2,4,(外)デアトゥノウ,2023107522,牝3,55.0,黛弘人,01109,13.0,110.9,1:13.7,アタマ,①①,38.9,[美]田島俊明,01112,498(－8)
202601050601,20260105,9,7,14,カシノハンゾウ,2023109129,牡3,54.0,▲上里直,01217,15.0,186.7,1:14.1,２1/2,⑮⑭,37.8,[美]蛯名利弘,01131,466(＋2)
202601050601,20260105,10,6,12,フレンチブラッサム,2023105062,牝3,55.0,野中悠太,01158,6.0,11.5,1:14.1,アタマ,⑤⑥,38.9,[美]柄崎将寿,01208,444(＋2)
202601050601,20260105,11,5,9,フクノエルデ,2023100851,セ3,57.0,江田照男,00689,5.0,9.8,1:14.3,１1/4,⑫⑪,38.5,[美]田中剛,01119,460(－6)
202601050601,20260105,12,2,3,ジャガーライズ,2023102594,牡3,57.0,三浦皇成,01122,2.0,4.1,1:14.5,１,⑨⑧,39.1,[美]伊藤圭三,01023,476(－4)
202601050601,20260105,13,7,13,(外)オスロクィーン,2023110048,牝3,52.0,▲石神深,01209,7.0,27.4,1:14.6,1/2,⑭⑭,38.5,[美]武井亮,01147,440(－4)
202601050601,20260105,14,5,10,ダイコクヤタエモン,2023107443,牡3,57.0,木幡巧也,01162,8.0,30.6,1:15.2,３1/2,⑩⑪,39.6,[美]牧光二,01106,522(＋8)
202601050601,20260105,15,1,1,ストライプブルー,2023102397,牡3,57.0,岩部純二,00726,16.0,208.8,1:15.6,２1/2,⑤⑪,40.4,[美]中川公成,01081,450(＋12)
202601050601,20260105,16,8,15,フックセンチョウ,2023104595,牡3,55.0,△長浜鴻,01214,14.0,173.2,1:15.8,3/4,⑯⑯,38.8,[美]佐藤吉勝,01035,438(－6)
202601050602,20260105,1,6,12,ラングドシャ,2023103620,牝3,55.0,石橋脩,01077,3.0,5.0,1:56.6,,②②②①,40.6,[美]上原佑紀,01192,454(－2)
202601050602,20260105,2,3,6,イサチルクイーン,2023102680,牝3,55.0,木幡初也,01153,2.0,3.7,1:57.2,４,①①①②,41.2,[美]竹内正洋,01152,466(＋4)
202601050602,20260105,3,3,5,ルミテュット,2023107284,牝3,55.0,内田博幸,00422,1.0,3.4,1:57.7,２1/2,⑤⑤③③,41.4,[美]萩原清,01017,500(－6)
202601050602,20260105,4,7,14,フォルマシオン,2023103765,牝3,55.0,横山武史,01170,4.0,5.7,1:57.9,１1/2,⑥⑥⑤⑤,41.1,[美]菊沢隆徳,01115,510(－4)
202601050602,20260105,5,8,15,パルミエ,2023105254,牝3,55.0,丸山元気,01127,5.0,11.5,1:58.0,クビ,⑫⑫⑨⑦,40.6,[美]宮田敬介,01175,456(－8)
202601050602,20260105,6,1,1,ウォータースパウト,2023105555,牝3,55.0,佐々木大,01197,7.0,20.3,1:58.3,２,⑧⑪⑥⑥,41.3,[美]小笠倫弘,01076,460(－8)
202601050602,20260105,7,4,8,アンファール,2023104466,牝3,55.0,黛弘人,01109,11.0,105.5,1:58.5,１,⑧⑨⑨⑦,41.1,[美]和田雄二,01143,414(＋6)
202601050602,20260105,8,5,10,キタノマテンロウ,2023105620,牝3,55.0,菊沢一樹,01161,10.0,39.4,1:59.0,３,⑭⑭⑭⑩,41.2,[美]萱野浩二,01024,452(－2)
202601050602,20260105,9,2,4,オリエンタルガール,2023101564,牝3,55.0,横山琉人,01192,12.0,130.3,1:59.4,２1/2,③③④④,42.9,[美]相沢郁,01020,394(－8)
202601050602,20260105,10,5,9,ディレクティオ,2023102796,牝3,55.0,丹内祐次,01091,8.0,24.5,1:59.6,１,⑫⑫⑨⑪,42.3,[美]金成貴史,01132,450(＋14)
202601050602,20260105,11,2,3,ライブリピュア,2023102345,牝3,55.0,小林凌大,01177,14.0,196.3,1:59.7,1/2,⑭⑭⑭⑬,41.9,[美]尾形和幸,01141,456(＋6)
202601050602,20260105,12,6,11,エンゼルランプ,2023104149,牝3,55.0,嶋田純次,01134,16.0,232.4,1:59.7,アタマ,⑯⑯⑯⑯,41.6,[美]武市康男,01089,450(＋8)
202601050602,20260105,13,1,2,ブリスフルイヤー,2023103570,牝3,52.0,▲石田拓,01203,6.0,20.0,1:59.7,クビ,⑥⑥⑦⑨,42.5,[美]新開幸一,01116,462(0)
202601050602,20260105,14,4,7,リュウノプティ,2023107451,牝3,52.0,▲上里直,01217,9.0,35.0,2:00.9,７,⑧⑨⑬⑮,43.4,[美]伊坂重信,01177,406(0)
202601050602,20260105,15,8,16,ゴールドソシアル,2023104509,牝3,55.0,武藤雅,01169,15.0,201.2,2:01.3,２1/2,⑧⑧⑨⑬,44.0,[美]武藤善則,01064,464(－4)
202601050602,20260105,16,7,13,レイナロハルンバ,2023102438,牝3,53.0,△長浜鴻,01214,13.0,160.6,2:01.3,クビ,③③⑦⑪,44.1,[美]加藤和宏,01077,416(＋2)
202601050603,20260105,1,3,3,カフェラジェム,2023102248,牡3,57.0,横山和生,01140,1.0,1.7,1:55.9,,①①①①,39.5,[美]柄崎将寿,01208,518(0)
202601050603,20260105,2,6,7,スノースコール,2023103626,牡3,57.0,木幡巧也,01162,4.0,13.0,1:56.2,２,②②②②,39.8,[美]加藤征弘,01059,500(＋8)
202601050603,20260105,3,7,10,キセログラフィカ,2023105682,牡3,57.0,横山武史,01170,2.0,4.2,1:56.3,1/2,③②③③,39.8,[美]大和田成,01124,510(0)
202601050603,20260105,4,5,5,クリムゾンリーフ,2023102967,牡3,54.0,▲上里直,01217,5.0,17.7,1:56.9,３1/2,⑤⑤⑤④,40.2,[美]加藤士津,01169,458(－2)
202601050603,20260105,5,6,8,セブンワンダーズ,2023100928,牡3,57.0,横山琉人,01192,9.0,84.5,1:57.5,３1/2,⑥⑥⑤⑤,40.8,[美]斎藤誠,01086,474(＋2)
202601050603,20260105,6,5,6,ザンテソーロ,2023106733,牡3,57.0,原優介,01184,11.0,153.5,1:57.6,3/4,⑪⑪⑪⑨,40.0,[美]畠山吉宏,01048,446(0)
202601050603,20260105,7,8,12,サンタピア,2023102804,牡3,57.0,柴田大知,01009,12.0,161.4,1:58.4,５,⑨⑨⑧⑦,41.4,[美]松山将樹,01100,452(－4)
202601050603,20260105,8,1,1,ロジキセキ,2023100578,牡3,57.0,野中悠太,01158,10.0,144.0,1:58.5,アタマ,⑫⑫⑫⑪,40.7,[美]新開幸一,01116,484(＋4)
202601050603,20260105,9,4,4,(外)エラルディーク,2023110006,牝3,55.0,丹内祐次,01091,7.0,34.9,1:58.6,1/2,⑧⑦⑤⑦,41.8,[美]宮田敬介,01175,484(＋6)
202601050603,20260105,10,8,11,パテントプール,2023107129,牡3,57.0,内田博幸,00422,3.0,5.7,1:58.9,２,③②③⑤,42.3,[美]萩原清,01017,466(＋6)
202601050603,20260105,11,2,2,トーセンブリラーレ,2023105943,牡3,55.0,△長浜鴻,01214,8.0,51.8,1:59.3,２1/2,⑦⑧⑩⑪,41.9,[美]小笠倫弘,01076,498(－8)
202601050603,20260105,12,7,9,ミアエッテ,2023101530,牡3,57.0,松岡正海,01085,6.0,19.8,2:01.3,大差,⑩⑩⑨⑨,44.0,[美]田中剛,01119,476(＋2)
202601050604,20260105,1,7,11,キャストロププ,2022100749,牡4,57.0,丹内祐次,01091,1.0,1.5,2:37.0,,⑨⑨②②,40.1,[美]尾形和幸,01141,502(＋4)
202601050604,20260105,2,1,1,スマートクオーレ,2022102058,牡4,57.0,柴田大知,01009,6.0,14.6,2:37.5,３,⑦⑦⑦⑦,40.1,[美]粕谷昌央,01096,504(＋2)
202601050604,20260105,3,8,13,ステイアンビシャス,2022101255,牡4,57.0,松岡正海,01085,4.0,12.8,2:37.6,1/2,⑬⑫④④,40.4,[美]堀内岳志,01189,482(＋2)
202601050604,20260105,4,3,3,ブレイクザアイス,2019103219,セ7,58.0,黛弘人,01109,9.0,40.2,2:38.3,４,⑦⑦②②,41.4,[美]森一誠,01201,478(＋2)
202601050604,20260105,5,7,10,(地)リボルトバレット,2021104822,牡5,55.0,▲遠藤汰,01218,10.0,43.2,2:38.7,２1/2,③③①①,41.9,[美]伊藤伸一,01031,494(＋4)
202601050604,20260105,6,5,6,マウントバーノン,2022105197,牡4,57.0,木幡巧也,01162,3.0,10.0,2:39.0,２,④④④⑤,41.8,[美]戸田博文,01054,508(＋6)
202601050604,20260105,7,6,9,ロードアフェット,2021100151,牡5,58.0,大野拓弥,01096,12.0,47.8,2:39.3,１1/2,⑩⑪⑦⑦,41.9,[美]高柳瑞樹,01118,456(＋2)
202601050604,20260105,8,4,4,ファミーユウルーズ,2022107021,牡4,57.0,武藤雅,01169,5.0,13.4,2:40.1,５,⑤④⑨⑨,42.5,[美]武藤善則,01064,544(＋12)
202601050604,20260105,9,5,7,カイトヴィント,2022102991,牡4,54.0,▲石神深,01209,11.0,47.5,2:40.2,1/2,②②④⑤,43.1,[美]和田雄二,01143,512(＋6)
202601050604,20260105,10,8,12,(地)フォレストゲート,2021101950,牡5,58.0,原優介,01184,13.0,115.4,2:40.6,２,⑩⑫⑨⑨,43.0,[美]小手川準,01171,472(＋6)
202601050604,20260105,11,6,8,チビノシエラザード,2021105209,牝5,56.0,菊沢一樹,01161,8.0,36.4,2:40.9,１3/4,⑩⑨⑫⑪,43.0,[美]和田勇介,01165,460(＋4)
202601050604,20260105,12,4,5,ウインイメル,2021106213,牡5,58.0,佐々木大,01197,7.0,25.7,2:40.9,アタマ,⑤⑥⑪⑫,43.2,[美]深山雅史,01174,510(＋16)
202601050604,20260105,13,2,2,アルデツヨシ,2022101481,セ4,57.0,江田照男,00689,2.0,9.0,2:42.5,１０,①①⑬⑬,44.0,[美]田中剛,01119,476(＋2)
202601050605,20260105,1,6,12,デイトナチャンプ,2023107204,牡3,57.0,横山武史,01170,1.0,2.5,1:35.3,,④④③,35.2,[美]加藤征弘,01059,442(---)
202601050605,20260105,2,5,10,ココナッツコースト,2023103366,牝3,55.0,戸崎圭太,05386,2.0,2.7,1:35.3,ハナ,②②②,35.7,[美]木村哲也,01126,414(---)
202601050605,20260105,3,2,3,トルークマクト,2023101088,牝3,55.0,吉田隼人,01095,5.0,12.0,1:35.7,２1/2,⑦⑩⑨,34.9,[栗]福永祐一,01203,444(---)
202601050605,20260105,4,8,15,アステリアート,2023104950,牡3,57.0,難波剛健,01066,12.0,128.4,1:35.9,１,⑪④⑤,35.7,[栗]高橋義忠,01129,474(---)
202601050605,20260105,5,4,7,タッカーヴァンバン,2023100529,牡3,57.0,吉田豊,00733,6.0,17.6,1:35.9,クビ,⑬⑧⑦,35.3,[美]田島俊明,01112,492(---)
202601050605,20260105,6,2,4,ブレイヴソルジャー,2023102740,牡3,54.0,▲石田拓,01203,3.0,6.5,1:35.9,ハナ,①①①,36.4,[美]新開幸一,01116,454(---)
202601050605,20260105,7,6,11,ヴァルカンテソーロ,2023106744,牡3,57.0,柴田大知,01009,10.0,77.1,1:36.2,１3/4,⑪⑩⑨,35.4,[美]嘉藤貴行,01195,470(---)
202601050605,20260105,8,5,9,ハートチャン,2023102112,牝3,55.0,横山琉人,01192,11.0,91.6,1:36.4,１,⑦④⑥,36.2,[美]金成貴史,01132,396(---)
202601050605,20260105,9,1,1,モナート,2023105895,牝3,55.0,原田和真,01143,13.0,132.0,1:36.8,２1/2,④⑦⑦,36.3,[美]松山将樹,01100,432(---)
202601050605,20260105,10,7,13,レガリーノ,2023102231,牝3,55.0,津村明秀,01092,8.0,61.2,1:37.1,２,⑯⑯⑮,35.5,[美]池上昌和,01150,416(---)
202601050605,20260105,11,1,2,イヌボウノサザナミ,2023103094,牝3,55.0,菊沢一樹,01161,7.0,40.7,1:37.3,3/4,⑦⑩⑪,36.4,[美]大和田成,01124,412(---)
202601050605,20260105,12,4,8,キタノタイキ,2023104227,牡3,57.0,小林脩斗,01183,15.0,143.0,1:37.3,クビ,⑬⑭⑬,36.2,[美]奥平雅士,01074,444(---)
202601050605,20260105,13,3,5,ウインシャリーフ,2023105860,牡3,54.0,▲石神深,01209,9.0,73.7,1:37.5,１,⑬⑭⑭,36.4,[美]金成貴史,01132,486(---)
202601050605,20260105,14,7,14,スプリングドリーム,2023106782,牝3,55.0,菅原明良,01179,4.0,10.1,1:37.5,ハナ,②③③,37.8,[美]加藤士津,01169,442(---)
202601050605,20260105,15,8,16,エスシーケイミー,2023101789,牝3,55.0,大野拓弥,01096,14.0,135.4,1:38.4,５,⑦⑧⑪,37.8,[美]松山将樹,01100,452(---)
202601050605,20260105,16,3,6,ゴーゴーパンチ,2023103931,牡3,57.0,菅原隆一,01129,16.0,144.7,1:40.1,１０,④⑩⑯,39.3,[美]天間昭一,01090,496(---)
202601050606,20260105,1,6,12,イモータリス,2023107032,牡3,57.0,石川裕紀,01150,3.0,5.7,2:01.1,,⑪⑫⑫⑨,35.1,[美]手塚貴久,01038,532(－2)
202601050606,20260105,2,5,10,ウィロークリーク,2023106981,牡3,57.0,横山和生,01140,1.0,2.9,2:01.3,3/4,②②②①,36.2,[美]中舘英二,01153,484(＋8)
202601050606,20260105,3,4,7,サトノワーグナー,2023100925,牡3,57.0,三浦皇成,01122,9.0,31.4,2:01.3,クビ,⑫⑨⑨⑥,35.6,[美]斎藤誠,01086,492(＋12)
202601050606,20260105,4,5,9,クオンタムスター,2023101050,牡3,57.0,佐々木大,01197,6.0,18.7,2:01.6,１1/2,⑨⑨⑨⑬,35.9,[美]堀宣行,01070,484(－4)
202601050606,20260105,5,1,2,キンググローリー,2023100021,牡3,57.0,菅原明良,01179,8.0,29.5,2:01.6,ハナ,④③③④,36.3,[美]古賀慎明,01079,468(＋2)
202601050606,20260105,6,2,4,プレイザリード,2023103471,牡3,57.0,横山武史,01170,2.0,4.0,2:02.0,２1/2,⑨⑦⑧⑥,36.4,[美]加藤士津,01169,482(0)
202601050606,20260105,7,1,1,ギルドホール,2023107033,牡3,57.0,杉原誠人,01135,10.0,48.9,2:02.0,ハナ,⑭⑬⑫⑨,36.0,[美]嘉藤貴行,01195,452(＋8)
202601050606,20260105,8,8,18,ラスターヴァース,2023104597,牝3,55.0,木幡巧也,01162,13.0,117.2,2:02.0,アタマ,⑬⑬⑫⑭,35.9,[美]牧光二,01106,470(－4)
202601050606,20260105,9,7,15,イブキ,2023105248,牡3,57.0,戸崎圭太,05386,4.0,5.8,2:02.0,ハナ,⑭⑮⑰⑱,35.6,[美]矢野英一,01108,462(＋4)
202601050606,20260105,10,7,13,アッパーウォーター,2023106939,牝3,55.0,津村明秀,01092,5.0,11.5,2:02.0,アタマ,⑦⑦⑤④,36.6,[美]千葉直人,01199,416(＋2)
202601050606,20260105,11,7,14,マイネルゼーロス,2023106474,牡3,57.0,横山琉人,01192,15.0,144.6,2:02.1,1/2,②③③②,36.9,[美]相沢郁,01020,484(－2)
202601050606,20260105,12,2,3,マイネルミラケル,2023100084,牡3,57.0,原優介,01184,16.0,239.1,2:02.2,1/2,⑯⑯⑮⑨,36.0,[美]畠山吉宏,01048,512(＋8)
202601050606,20260105,13,8,17,ボグラーモデル,2023106435,牡3,57.0,柴田大知,01009,18.0,389.4,2:02.3,クビ,④⑥⑤⑥,36.8,[美]柄崎将寿,01208,474(＋2)
202601050606,20260105,14,3,5,ナハトナナレオン,2023102619,牝3,55.0,内田博幸,00422,11.0,59.0,2:02.5,１,⑱⑱⑰⑭,36.0,[美]矢嶋大樹,01202,402(－10)
202601050606,20260105,15,4,8,ポポラヴィスタ,2023102737,牝3,53.0,△長浜鴻,01214,17.0,292.0,2:02.6,3/4,①①①②,37.6,[美]鈴木慎太,01179,412(－10)
202601050606,20260105,16,8,16,マイネルリーヒム,2023104485,牡3,57.0,丹内祐次,01091,12.0,104.1,2:02.7,１,⑧⑨⑨⑰,37.0,[美]武市康男,01089,472(＋4)
202601050606,20260105,17,3,6,マーゴットライズ,2023106889,牡3,57.0,菊沢一樹,01161,7.0,27.8,2:03.0,１1/2,⑯⑰⑮⑭,36.7,[美]伊坂重信,01177,476(＋6)
202601050606,20260105,18,6,11,レディトゥランブル,2023102292,牡3,54.0,▲石神深,01209,14.0,140.4,2:04.3,８,⑥⑤⑤⑨,38.9,[美]武井亮,01147,558(＋4)
202601050607,20260105,1,2,2,ステラスペース,2023104346,牡3,57.0,武藤雅,01169,6.0,13.8,2:01.1,,①①①①,36.1,[美]武藤善則,01064,484(－2)
202601050607,20260105,2,7,8,フロレセール,2023104443,牝3,55.0,戸崎圭太,05386,1.0,2.7,2:01.2,3/4,③③③②,35.9,[美]辻哲英,01182,470(＋10)
202601050607,20260105,3,7,7,チャリングクロス,2023107389,牡3,57.0,内田博幸,00422,3.0,5.4,2:01.3,3/4,⑧⑧⑥⑤,35.8,[美]奥村武,01145,492(＋4)
202601050607,20260105,4,8,9,ユメシルベ,2023106412,牝3,55.0,柴田大知,01009,7.0,14.4,2:01.4,クビ,⑦⑦⑧⑤,35.8,[美]粕谷昌央,01096,418(＋2)
202601050607,20260105,5,3,3,アンソニー,2023106187,牡3,57.0,津村明秀,01092,4.0,5.8,2:01.6,１1/2,⑨⑨⑧⑨,35.9,[栗]武幸四郎,01160,504(＋2)
202601050607,20260105,6,1,1,コスモエルヴァル,2023106426,牡3,57.0,丹内祐次,01091,9.0,45.9,2:01.7,1/2,④④④②,36.3,[美]黒岩陽一,01133,488(＋2)
202601050607,20260105,7,6,6,セヴェロ,2023106969,牡3,57.0,菅原明良,01179,2.0,4.4,2:02.2,３,⑥⑥⑧⑨,36.6,[栗]池江泰寿,01071,510(＋8)
202601050607,20260105,8,4,4,ヒシアムルーズ,2023107091,牡3,57.0,佐々木大,01197,5.0,9.3,2:02.4,１,④④⑥⑤,36.9,[美]堀宣行,01070,474(0)
202601050607,20260105,9,5,5,サンブライト,2023100387,牝3,55.0,横山武史,01170,8.0,34.1,2:03.3,５,②②④⑤,37.9,[美]鈴木慎太,01179,456(－6)
202601050607,20260105,10,8,10,ストロングエース,2023102477,牡3,57.0,横山琉人,01192,10.0,142.0,2:04.0,４,⑩⑩②②,38.9,[美]相沢郁,01020,480(－4)
202601050608,20260105,1,5,5,コンテナワールド,2021104924,牡5,59.0,井上敏樹,01151,5.0,22.6,3:35.7,,,13.5,[栗]中竹和也,01039,480(－4)
202601050608,20260105,2,7,7,ディナースタ,2019101507,牡7,60.0,高田潤,01046,1.0,1.5,3:36.1,２1/2,,13.5,[栗]辻野泰之,01183,490(＋16)
202601050608,20260105,3,6,6,フォージドブリック,2021104800,牡5,59.0,大江原圭,01120,4.0,12.0,3:36.1,ハナ,,13.5,[美]西田雄一,01187,560(＋10)
202601050608,20260105,4,4,4,(外)ヘザルフェン,2021110022,牡5,60.0,森一馬,01139,2.0,4.8,3:36.1,ハナ,,13.5,[栗]昆貢,01044,512(＋8)
202601050608,20260105,5,3,3,ソルアマゾン,2021104667,牡5,59.0,難波剛健,01066,7.0,44.7,3:38.2,大差,,13.6,[栗]小栗実,01194,454(－12)
202601050608,20260105,6,8,8,デシマルサーガ,2020100046,牡6,59.0,上野翔,01087,8.0,45.6,3:38.3,クビ,,13.6,[美]粕谷昌央,01096,480(＋6)
202601050608,20260105,7,2,2,コパノニコルソン,2019104116,牡7,60.0,小牧加矢,01196,3.0,5.8,3:39.1,５,,13.7,[栗]宮徹,01018,530(＋10)
202601050608,20260105,8,8,9,ワールドスケール,2017106372,牡9,60.0,黒岩悠,01072,6.0,40.4,3:39.5,２,,13.7,[栗]加藤公太,01215,490(＋4)
202601050608,20260105,9,1,1,(地)クラウンセト,2019101488,牡7,59.0,草野太郎,01113,9.0,45.7,3:43.1,大差,,13.9,[美]本間忍,01056,470(＋16)
202601050609,20260105,1,3,3,オーケーバーディー,2021100980,牝5,56.0,横山琉人,01192,6.0,15.9,1:52.7,,①①①①,38.7,[美]相沢郁,01020,464(0)
202601050609,20260105,2,8,12,サノノワンダー,2022102039,牡4,57.0,戸崎圭太,05386,2.0,3.0,1:53.3,４,③③②③,39.0,[美]栗田徹,01127,528(＋6)
202601050609,20260105,3,6,8,アイウィル,2021103502,牡5,58.0,丹内祐次,01091,3.0,9.5,1:53.5,１1/4,⑤⑤⑥③,38.9,[美]高木登,01088,516(＋2)
202601050609,20260105,4,7,10,(地)セザンワールド,2020106051,セ6,58.0,小林脩斗,01183,10.0,120.7,1:53.7,１1/4,⑧⑧⑦⑥,38.8,[美]蛯名利弘,01131,508(＋1)
202601050609,20260105,5,5,6,(地)シンボリノエル,2021101533,牝5,56.0,吉田豊,00733,8.0,22.9,1:54.1,２1/2,⑨⑨⑧⑧,38.9,[美]土田稔,00417,510(－2)
202601050609,20260105,6,2,2,ナチュラルリバー,2020102559,牡6,58.0,高田潤,01046,11.0,214.2,1:54.4,１1/2,⑨⑨⑨⑨,38.9,[栗]宮地貴稔,01211,490(＋4)
202601050609,20260105,7,6,7,ライジンマル,2021101449,セ5,58.0,木幡初也,01153,7.0,21.9,1:54.4,クビ,⑥⑤⑤⑦,40.0,[美]竹内正洋,01152,528(－4)
202601050609,20260105,8,7,9,サイモンソーラン,2019102341,牡7,58.0,菊沢一樹,01161,12.0,219.4,1:54.6,3/4,⑪⑪⑨⑨,39.1,[美]勢司和浩,01047,492(0)
202601050609,20260105,9,1,1,グレイスザクラウン,2022105776,セ4,57.0,横山武史,01170,5.0,11.1,1:54.8,１1/4,⑫⑫⑫⑫,38.7,[美]上原博之,00423,518(＋14)
202601050609,20260105,10,5,5,サムシャイン,2022105823,牡4,57.0,横山和生,01140,1.0,2.3,1:54.9,クビ,③③②②,40.6,[美]鈴木慎太,01179,494(＋16)
202601050609,20260105,11,4,4,ロンパイア,2022103708,牡4,57.0,佐々木大,01197,9.0,45.8,1:55.6,４,⑦⑦⑨⑪,40.2,[美]尾関知人,01103,484(＋2)
202601050609,20260105,12,8,11,アメージング,2022107287,牡4,57.0,田辺裕信,01075,4.0,9.5,1:55.6,アタマ,②②②⑤,41.4,[美]中舘英二,01153,502(＋4)
202601050610,20260105,1,1,1,ダンツファイター,2022102982,牡4,57.0,佐々木大,01197,1.0,3.0,2:01.6,,①①①①,34.6,[美]蛯名正義,01191,564(＋2)
202601050610,20260105,2,8,11,タイセイリコルド,2022104167,牡4,57.0,戸崎圭太,05386,3.0,4.6,2:01.8,１1/4,②②②③,34.6,[栗]小栗実,01194,494(＋24)
202601050610,20260105,3,3,3,ダイシンアポロン,2021100660,牡5,58.0,田辺裕信,01075,6.0,11.2,2:01.9,1/2,⑨⑨⑧⑧,34.2,[美]戸田博文,01054,476(＋10)
202601050610,20260105,4,6,7,レイヤードレッド,2022103310,牡4,57.0,嶋田純次,01134,4.0,7.8,2:01.9,1/2,②②②②,34.8,[美]手塚貴久,01038,488(－6)
202601050610,20260105,5,4,4,ジェットブレード,2022103522,牡4,57.0,菊沢一樹,01161,5.0,8.3,2:02.2,１3/4,④④④④,34.9,[美]青木孝文,01156,502(＋8)
202601050610,20260105,6,7,10,ドゥカート,2022105777,牡4,57.0,津村明秀,01092,2.0,3.9,2:02.3,クビ,⑤⑤⑤⑤,34.8,[美]宮田敬介,01175,484(－2)
202601050610,20260105,7,8,12,ヴィブラツィオーネ,2019104928,セ7,58.0,木幡巧也,01162,10.0,85.1,2:02.3,ハナ,⑧⑧⑧⑧,34.6,[美]辻哲英,01182,478(＋8)
202601050610,20260105,8,5,6,(地)コスモオピニオン,2020101258,牡6,58.0,丹内祐次,01091,8.0,32.6,2:02.3,アタマ,⑦⑦⑦⑦,34.7,[美]黒岩陽一,01133,516(－2)
202601050610,20260105,9,5,5,マイネルフォルツァ,2020105809,牡6,58.0,野中悠太,01158,9.0,50.4,2:02.3,アタマ,⑤⑤⑤⑤,34.9,[美]金成貴史,01132,524(－2)
202601050610,20260105,10,7,9,アンテロース,2020100678,牡6,58.0,吉田隼人,01095,7.0,21.3,2:02.7,２,⑪⑪⑪⑩,34.7,[栗]岡田稲男,01066,462(＋6)
202601050610,20260105,11,2,2,(地)ラーテル,2020104285,セ6,58.0,丸田恭介,01117,11.0,177.5,2:07.3,大差,⑨⑨⑩⑪,39.5,[美]南田美知,00437,472(0)
202601050610,20260105,取消,6,8,(外)オメガインペリアル,2021110078,牡5,58.0,横山武史,01170,,,,,⑫⑫⑫⑫,,[栗]安田翔伍,01164,---(---)
202601050611,20260105,1,8,13,(地)ウインアイオライト,2020105203,牝6,53.0,丹内祐次,01091,6.0,15.6,1:08.2,,⑦⑦,34.2,[美]矢嶋大樹,01202,478(0)
202601050611,20260105,2,7,11,イサチルシーサイド,2021102670,牡5,57.0,木幡初也,01153,7.0,17.4,1:08.2,クビ,①①,34.9,[美]竹内正洋,01152,480(－14)
202601050611,20260105,3,7,12,アンビバレント,2020102140,牡6,56.0,石川裕紀,01150,2.0,4.4,1:08.3,クビ,⑪⑪,33.9,[栗]藤野健太,01200,484(＋6)
202601050611,20260105,4,8,14,(外)コスモアディラート,2018110149,牡8,55.0,横山武史,01170,11.0,34.1,1:08.3,クビ,⑨⑨,34.2,[美]和田正一,01114,514(＋6)
202601050611,20260105,5,4,6,(外)アンドアイラヴハー,2021110003,牝5,53.0,杉原誠人,01135,3.0,5.2,1:08.5,１,③③,35.0,[美]田村康仁,01027,496(－2)
202601050611,20260105,6,3,3,(外)マックアルイーン,2022110014,牡4,57.0,戸崎圭太,05386,1.0,3.6,1:08.7,１1/2,⑫⑪,34.1,[美]木村哲也,01126,532(－6)
202601050611,20260105,7,3,4,ドーバーホーク,2020105365,牡6,55.0,原優介,01184,13.0,71.8,1:08.8,1/2,⑬⑬,34.1,[美]清水英克,01080,492(＋4)
202601050611,20260105,8,4,5,ライクアフラワー,2020101992,牡6,52.0,石神深一,01059,5.0,15.4,1:08.8,ハナ,⑭⑭,33.8,[美]松永康利,01093,514(－2)
202601050611,20260105,9,5,7,スコーピオン,2021100792,牡5,56.0,武藤雅,01169,14.0,77.8,1:09.0,１,④③,35.3,[美]武藤善則,01064,490(0)
202601050611,20260105,10,1,1,ショウナンラスボス,2018103926,牡8,53.0,江田照男,00689,12.0,69.6,1:09.0,クビ,⑤⑤,35.1,[美]奥村武,01145,480(＋12)
202601050611,20260105,11,2,2,ダークエクリプス,2019106739,牡7,55.0,佐々木大,01197,9.0,22.9,1:09.1,クビ,⑦⑦,35.1,[栗]今野貞一,01128,498(＋2)
202601050611,20260105,12,5,8,スピードオブライト,2020104203,牝6,54.0,菅原明良,01179,10.0,31.3,1:09.4,１3/4,⑤⑤,35.6,[美]相沢郁,01020,412(－2)
202601050611,20260105,13,6,10,レオテミス,2021101576,牝5,55.0,津村明秀,01092,4.0,5.7,1:09.7,１3/4,⑨⑨,35.5,[栗]高柳大輔,01159,502(＋2)
202601050611,20260105,14,6,9,アシャカタカ,2020102299,牡6,55.0,菊沢一樹,01161,8.0,19.7,1:09.8,1/2,②②,36.4,[美]鈴木伸尋,01026,486(＋10)
202601050612,20260105,1,6,12,ビーコング,2021103595,牡5,58.0,横山武史,01170,2.0,4.6,1:11.7,,②②,36.9,[美]小手川準,01171,508(＋8)
202601050612,20260105,2,1,2,フォースミラクル,2022105242,牡4,58.0,戸崎圭太,05386,4.0,6.8,1:11.8,3/4,⑦⑥,36.7,[美]加藤征弘,01059,458(＋8)
202601050612,20260105,3,4,7,リッキースタイル,2022103577,牡4,58.0,菅原明良,01179,6.0,13.8,1:11.9,3/4,②②,37.2,[美]水野貴広,01094,484(＋8)
202601050612,20260105,4,5,10,ホウオウゴールド,2022106011,牡4,58.0,横山和生,01140,3.0,5.6,1:12.0,クビ,⑬⑩,36.2,[美]栗田徹,01127,476(0)
202601050612,20260105,5,7,14,(地)カツノテンス,2020105525,牡6,58.0,松岡正海,01085,16.0,255.9,1:12.0,クビ,⑤⑤,37.0,[美]伊藤伸一,01031,456(0)
202601050612,20260105,6,7,13,(地)ブリングライト,2020100617,牡6,58.0,菊沢一樹,01161,5.0,11.0,1:12.2,１1/4,⑮⑯,35.9,[美]土田稔,00417,494(＋4)
202601050612,20260105,7,3,5,カルネヴァーレ,2021103720,牝5,56.0,内田博幸,00422,9.0,62.3,1:12.3,クビ,⑮⑮,36.0,[美]菊沢隆徳,01115,526(＋4)
202601050612,20260105,8,6,11,(外)ピコテンダー,2022110132,牝4,55.0,津村明秀,01092,1.0,2.4,1:12.4,クビ,⑫⑩,36.8,[美]上原佑紀,01192,482(－2)
202601050612,20260105,9,3,6,(地)アイスブレイカー,2021103332,牡5,58.0,嶋田純次,01134,10.0,109.5,1:12.4,クビ,⑨⑧,37.0,[美]伊坂重信,01177,498(＋6)
202601050612,20260105,10,8,15,ブラックトルネード,2022106418,牡4,56.0,△長浜鴻,01214,12.0,166.6,1:12.6,１,②②,37.8,[美]佐藤吉勝,01035,484(＋10)
202601050612,20260105,11,5,9,イノキ,2022100757,牡4,58.0,丸山元気,01127,8.0,25.2,1:12.6,ハナ,⑨⑩,37.2,[美]岩戸孝樹,01051,498(－2)
202601050612,20260105,12,4,8,ルプランドル,2019105754,牝7,53.0,▲石田拓,01203,13.0,172.0,1:12.8,１1/4,⑬⑭,37.0,[美]萱野浩二,01024,490(－4)
202601050612,20260105,13,8,16,アルシミスト,2021105805,セ5,58.0,丹内祐次,01091,7.0,23.6,1:12.9,1/2,①①,38.3,[美]浅利英明,01204,514(0)
202601050612,20260105,14,2,3,ミツカネリブラ,2022109033,牡4,55.0,▲上里直,01217,14.0,178.6,1:13.4,３,⑧⑧,38.1,[美]清水英克,01080,500(＋10)
202601050612,20260105,15,1,1,(地)ハジメテノチュウ,2019104141,牡7,58.0,原優介,01184,15.0,188.4,1:13.7,１3/4,⑤⑦,38.8,[美]南田美知,00437,538(－6)
202601050612,20260105,16,2,4,(外)(地)エクストラチャージ,2022110096,牝4,53.0,▲遠藤汰,01218,11.0,132.5,1:16.0,大差,⑨⑩,40.6,[美]金成貴史,01132,480(－16)
202601050801,20260105,1,5,8,ルージュビバーチェ,2023107337,牝3,55.0,菱田裕二,01144,6.0,12.2,1:53.5,,⑤⑤⑤④,37.7,[栗]橋口慎介,01154,452(－4)
202601050801,20260105,2,4,6,ジーティービキニ,2023107267,牝3,55.0,北村友一,01102,1.0,2.5,1:53.9,２,③③③③,38.7,[栗]松下武士,01149,496(0)
202601050801,20260105,3,6,9,イルカンダ,2023100213,牝3,55.0,小崎綾也,01152,5.0,9.8,1:53.9,アタマ,①①①①,39.1,[栗]小崎憲,01085,524(＋2)
202601050801,20260105,4,7,11,シャフメラン,2023103568,牝3,55.0,鮫島克駿,01157,2.0,3.1,1:53.9,アタマ,⑦⑦⑥⑥,37.9,[栗]新谷功一,01172,434(－4)
202601050801,20260105,5,5,7,タガノアルテミス,2023104329,牝3,55.0,国分恭介,01124,10.0,86.8,1:54.7,５,④④④④,39.1,[栗]西園翔太,01196,444(＋4)
202601050801,20260105,6,7,12,アルムランプシー,2023104323,牝3,55.0,秋山稔樹,01181,3.0,8.8,1:55.0,２,②②②②,40.1,[栗]北出成人,01078,482(－12)
202601050801,20260105,7,8,13,エンジェルグラース,2023104979,牝3,53.0,◇永島ま,01187,11.0,111.8,1:55.5,３,⑧⑧⑧⑧,39.0,[栗]高橋康之,01135,436(0)
202601050801,20260105,8,2,2,ルパピヨンブラン,2023105228,牝3,52.0,▲古川奈,01190,13.0,158.7,1:55.9,２1/2,⑨⑨⑨⑨,39.4,[栗]杉山佳明,01178,426(＋6)
202601050801,20260105,9,1,1,プレザントトーン,2023103809,牝3,53.0,◇今村聖,01193,8.0,47.6,1:56.1,１,⑤⑥⑥⑦,40.2,[栗]武幸四郎,01160,460(－2)
202601050801,20260105,10,3,3,ブラッドムーン,2023102701,牝3,52.0,▲田山旺,01220,9.0,81.9,1:56.3,１1/4,⑪⑪⑫⑫,39.1,[栗]宮本博,01073,442(0)
202601050801,20260105,11,4,5,マチュ,2023104957,牝3,51.0,★河原田,01204,12.0,130.1,1:56.6,２,⑪⑪⑫⑫,39.4,[栗]谷潔,00431,430(＋4)
202601050801,20260105,12,6,10,アライブテーラー,2023100684,牝3,52.0,▲川端海,01195,14.0,185.5,1:56.8,１,⑭⑭⑩⑩,39.9,[栗]緒方努,01193,410(－4)
202601050801,20260105,13,8,14,ワイドバヴァール,2023103910,牝3,55.0,武豊,00666,7.0,16.7,1:57.0,１1/4,⑬⑬⑫⑭,39.8,[栗]奥村豊,01146,452(＋14)
202601050801,20260105,14,3,4,リアライズブルーム,2023105284,牝3,55.0,川田将雅,01088,4.0,9.3,1:57.1,１,⑩⑩⑩⑪,40.2,[栗]須貝尚介,01105,494(＋8)
202601050802,20260105,1,4,8,エドウィンナルコ,2023107201,牡3,57.0,松山弘平,01126,1.0,2.2,2:00.9,,①①①①,38.5,[栗]西村真幸,01148,544(－4)
202601050802,20260105,2,3,5,ノービレ,2023105826,牡3,57.0,西村淳也,01171,5.0,14.6,2:01.0,１,⑩⑩⑧⑤,38.0,[栗]小椋研介,01197,490(－2)
202601050802,20260105,3,5,9,アスクチャンスマン,2023106403,牡3,57.0,岩田康誠,05203,3.0,4.9,2:01.3,１3/4,⑭⑭⑬⑫,37.6,[栗]梅田智之,01084,442(0)
202601050802,20260105,4,2,3,フィサブロス,2023100230,牡3,57.0,斎藤新,01178,8.0,33.5,2:01.7,２1/2,⑤③③③,39.1,[栗]橋口慎介,01154,466(＋2)
202601050802,20260105,5,8,16,テスタヴェローチェ,2023102132,牡3,57.0,酒井学,01034,4.0,8.0,2:01.9,１,⑤⑦⑤⑤,39.0,[栗]須貝尚介,01105,500(＋2)
202601050802,20260105,6,2,4,クボウサマ,2023102708,セ3,54.0,▲田山旺,01220,15.0,255.1,2:02.4,３,⑫⑬⑫⑩,38.8,[栗]庄野靖志,01087,472(0)
202601050802,20260105,7,6,11,ガウラディスコ,2023102462,牡3,57.0,松若風馬,01154,2.0,4.3,2:02.8,２1/2,③③⑤⑤,40.1,[栗]高柳大輔,01159,558(＋10)
202601050802,20260105,8,4,7,ニミッツハイウェイ,2023103477,牡3,54.0,▲和田陽,01223,16.0,401.5,2:03.0,１1/4,⑯⑯⑯⑮,38.7,[栗]梅田智之,01084,464(＋2)
202601050802,20260105,9,5,10,トコトコクマチ,2023104077,牡3,57.0,菱田裕二,01144,13.0,209.1,2:03.1,1/2,⑭⑮⑬⑫,39.3,[栗]岡田稲男,01066,492(0)
202601050802,20260105,10,3,6,アルダ,2023103703,牡3,57.0,小崎綾也,01152,6.0,15.3,2:03.1,ハナ,②②②②,40.7,[栗]石坂公一,01166,494(－6)
202601050802,20260105,11,8,15,カレンショー,2023103374,牡3,57.0,北村友一,01102,11.0,101.1,2:03.3,3/4,③③③③,40.7,[栗]安田翔伍,01164,434(＋2)
202601050802,20260105,12,1,1,ツーエムアスリート,2023100340,牡3,57.0,鮫島克駿,01157,9.0,79.6,2:03.3,アタマ,⑫⑪⑩⑩,39.9,[栗]東田明士,01209,502(＋2)
202601050802,20260105,13,7,13,トゥレネヴェリテ,2023104418,牡3,55.0,△柴田裕,01212,7.0,28.6,2:03.9,４,⑪⑪⑮⑮,40.0,[栗]中竹和也,01039,464(＋12)
202601050802,20260105,14,1,2,メイショウハチマキ,2023106565,牡3,57.0,川又賢治,01166,10.0,93.9,2:04.0,クビ,⑤③⑤⑤,41.3,[栗]飯田祐史,01139,498(0)
202601050802,20260105,15,7,14,アクティブヘイロー,2023101726,牡3,57.0,藤懸貴志,01138,12.0,139.0,2:04.0,クビ,⑧⑧⑧⑨,41.0,[栗]鈴木孝志,01111,468(－6)
202601050802,20260105,16,6,12,ベジョータ,2023106088,牡3,56.0,☆西塚洸,01200,14.0,254.1,2:06.4,大差,⑧⑧⑩⑫,42.9,[栗]野中賢二,01098,524(－8)
202601050803,20260105,1,1,1,マナボニート,2023100617,牝3,55.0,松若風馬,01154,2.0,4.1,1:13.5,,①①,37.4,[栗]北出成人,01078,480(---)
202601050803,20260105,2,5,8,(外)ウェルカムソング,2023107545,牡3,57.0,岩田望来,01174,1.0,1.8,1:13.7,１1/4,④④,37.0,[栗]河嶋宏樹,01198,468(---)
202601050803,20260105,3,2,2,サウンドジュテ,2023104071,牝3,55.0,松山弘平,01126,5.0,13.5,1:14.0,２,②②,37.8,[栗]鈴木孝志,01111,414(---)
202601050803,20260105,4,3,3,ローメット,2023106653,牝3,53.0,◇今村聖,01193,4.0,12.1,1:14.5,３,③③,38.2,[栗]寺島良,01158,416(---)
202601050803,20260105,5,8,13,スマートレイナ,2023106000,牝3,55.0,吉村誠之,01216,3.0,8.7,1:14.6,１,⑬⑫,36.2,[美]加藤征弘,01059,472(---)
202601050803,20260105,6,4,6,タイセイフリーデン,2023102827,牡3,57.0,田口貫太,01208,8.0,30.5,1:14.8,１,⑧⑥,36.9,[栗]大橋勇樹,01065,474(---)
202601050803,20260105,7,6,9,モンターニュドネガ,2023102995,牝3,52.0,▲大久保,01194,9.0,80.5,1:15.0,１1/2,⑥⑥,37.4,[栗]吉田直弘,01101,458(---)
202601050803,20260105,8,7,12,ハギノクリーガー,2023101883,牡3,57.0,藤懸貴志,01138,14.0,137.0,1:15.5,３,⑭⑭,36.8,[栗]荒川義之,01095,426(---)
202601050803,20260105,9,5,7,ガビーズデトワール,2023106213,牝3,55.0,鮫島克駿,01157,6.0,16.9,1:15.6,1/2,⑩⑨,37.5,[栗]牧田和弥,01123,486(---)
202601050803,20260105,10,4,5,マルカスマッシュ,2023100540,牡3,57.0,小沢大仁,01185,10.0,89.8,1:15.8,１1/4,⑤⑤,38.9,[栗]浜田多実,01138,466(---)
202601050803,20260105,11,3,4,ウルダ,2023101703,牝3,55.0,城戸義政,01147,12.0,115.6,1:15.9,1/2,⑧⑨,38.0,[栗]荒川義之,01095,482(---)
202601050803,20260105,12,8,14,サンミスメロディ,2023100843,牝3,55.0,秋山稔樹,01181,13.0,116.5,1:16.2,１1/2,⑩⑫,38.1,[栗]杉山佳明,01178,520(---)
202601050803,20260105,13,7,11,エンドレスクライ,2023104525,牡3,57.0,西村淳也,01171,7.0,20.4,1:16.3,3/4,⑩⑨,38.2,[栗]杉山佳明,01178,510(---)
202601050803,20260105,14,6,10,ヤスナ,2023101752,牝3,55.0,菱田裕二,01144,11.0,106.5,1:17.5,７,⑥⑥,39.8,[栗]飯田祐史,01139,454(---)
202601050804,20260105,1,7,9,テイエムサンレーヴ,2023102576,牡3,57.0,鮫島良太,01099,4.0,7.8,1:52.4,,⑪⑪⑪⑪,35.8,[栗]河嶋宏樹,01198,512(－2)
202601050804,20260105,2,7,8,メルカントゥール,2023105303,牡3,57.0,坂井瑠星,01163,3.0,4.3,1:52.5,1/2,⑤⑤④④,36.5,[栗]杉山晴紀,01157,524(－4)
202601050804,20260105,3,5,5,ケンタッキーホーム,2023107181,牡3,57.0,松山弘平,01126,5.0,15.2,1:53.0,３,⑧⑦⑨⑨,36.7,[栗]松下武士,01149,516(0)
202601050804,20260105,4,8,10,スカイストライプス,2023107229,牡3,57.0,川田将雅,01088,1.0,2.2,1:53.2,１1/4,⑥⑦⑧⑦,37.0,[栗]安田翔伍,01164,498(＋4)
202601050804,20260105,5,8,11,シーズザスローン,2023104414,牡3,57.0,武豊,00666,2.0,3.8,1:53.4,１1/4,⑨⑨⑨⑨,37.0,[栗]松永幹夫,01092,478(＋6)
202601050804,20260105,6,2,2,リヒトミューレ,2023107295,牡3,57.0,ハマーハ,05676,7.0,37.3,1:53.7,２,⑥⑤④④,37.7,[栗]中村直也,01186,514(＋14)
202601050804,20260105,7,3,3,ディーリライズ,2023100521,牡3,57.0,酒井学,01034,8.0,49.9,1:54.3,３1/2,④④④④,38.4,[栗]緒方努,01193,480(0)
202601050804,20260105,8,6,6,ヘルメスギャング,2023100729,牡3,55.0,◇今村聖,01193,9.0,53.9,1:54.4,1/2,③②②②,38.7,[美]武井亮,01147,466(0)
202601050804,20260105,9,6,7,デールエルバハリ,2023106955,牝3,55.0,鮫島克駿,01157,11.0,198.6,1:54.7,２,⑨⑨④⑦,38.7,[栗]杉山佳明,01178,494(－2)
202601050804,20260105,10,4,4,オラヴィンリンナ,2023103689,牝3,55.0,北村友一,01102,6.0,26.5,1:55.9,７,②②②①,40.2,[栗]吉岡辰弥,01176,492(＋2)
202601050804,20260105,11,1,1,リピース,2023107412,牝3,55.0,荻野極,01160,10.0,163.3,1:56.1,１1/2,①①①②,40.6,[栗]前川恭子,01210,412(－6)
202601050805,20260105,1,1,2,タガノアルトゥーラ,2023104315,牡3,57.0,吉村誠之,01216,1.0,3.3,2:02.3,,⑨⑧⑦⑦,35.4,[栗]長谷川浩,01173,486(＋4)
202601050805,20260105,2,5,10,オンザムービー,2023102455,牡3,57.0,松若風馬,01154,13.0,145.8,2:02.4,3/4,②②②②,36.0,[栗]牧田和弥,01123,498(－8)
202601050805,20260105,3,8,15,アルペングロー,2023106817,牡3,57.0,北村友一,01102,2.0,3.6,2:02.6,１,②③③③,36.1,[栗]上村洋行,01168,490(0)
202601050805,20260105,4,4,8,グリーンゴー,2023105294,牡3,57.0,池添謙一,01032,3.0,4.6,2:02.6,クビ,⑤④④③,36.0,[栗]福永祐一,01203,480(＋14)
202601050805,20260105,5,7,13,インナーヴォイス,2023102751,牡3,57.0,ハマーハ,05676,4.0,9.3,2:02.9,１1/2,⑬⑭⑭⑭,35.5,[栗]清水久詞,01110,452(－4)
202601050805,20260105,6,8,17,コスモブラック,2023102452,牡3,57.0,武豊,00666,7.0,13.1,2:02.9,クビ,⑯⑯⑯⑯,35.2,[栗]武英智,01161,466(＋2)
202601050805,20260105,7,1,1,マイネルシュラハト,2023106436,牡3,57.0,小崎綾也,01152,15.0,270.3,2:02.9,クビ,⑨⑧⑦⑧,36.0,[美]畠山吉宏,01048,486(0)
202601050805,20260105,8,8,16,サイモンシャリオ,2023101569,牡3,57.0,松山弘平,01126,6.0,12.0,2:03.0,1/2,④④④③,36.3,[栗]梅田智之,01084,492(＋4)
202601050805,20260105,9,3,5,ヨッシーリオ,2023102473,牡3,57.0,和田竜二,01018,8.0,52.6,2:03.0,ハナ,①①①①,36.7,[栗]北出成人,01078,448(－4)
202601050805,20260105,10,6,11,マーズローバー,2023107000,牡3,57.0,鮫島克駿,01157,12.0,119.2,2:03.3,１1/2,⑮⑪⑪⑫,36.2,[栗]佐々木晶,00429,466(－2)
202601050805,20260105,11,4,7,ショウナンカルメラ,2023103634,牝3,55.0,荻野極,01160,11.0,72.6,2:03.4,１,⑫⑪⑪⑩,36.3,[美]大竹正博,01102,438(－8)
202601050805,20260105,12,6,12,(外)アウェイクネス,2023110027,牝3,55.0,高杉吏麒,01213,9.0,63.1,2:03.5,クビ,⑧⑩⑩⑩,36.5,[栗]前川恭子,01210,438(＋2)
202601050805,20260105,13,5,9,アメジストロード,2023101744,牡3,54.0,▲田山旺,01220,14.0,198.9,2:03.5,アタマ,⑬⑭⑭⑭,36.2,[栗]新谷功一,01172,506(＋4)
202601050805,20260105,14,2,4,ノートルダム,2023102916,牝3,52.0,▲古川奈,01190,10.0,65.8,2:03.6,1/2,⑰⑯⑯⑯,36.0,[栗]矢作芳人,01075,442(0)
202601050805,20260105,15,2,3,マサノハヤブサ,2023100016,セ3,54.0,▲和田陽,01223,17.0,364.5,2:03.6,クビ,⑤④④③,37.0,[栗]藤野健太,01200,420(0)
202601050805,20260105,16,7,14,コスモグロボーサ,2023106442,牡3,57.0,国分優作,01125,16.0,350.1,2:04.3,４,⑨⑪⑪⑫,37.1,[美]天間昭一,01090,506(－12)
202601050805,20260105,17,3,6,コティノス,2023106800,牡3,57.0,西村淳也,01171,5.0,9.4,2:10.1,大差,⑤④⑦⑧,43.3,[栗]須貝尚介,01105,484(－2)
202601050806,20260105,1,4,6,ベルサンローラン,2023103153,牝3,55.0,吉村誠之,01216,7.0,17.5,1:35.3,,③②,35.4,[栗]清水久詞,01110,450(－6)
202601050806,20260105,2,2,3,エアヴァイブス,2023106910,牝3,55.0,高杉吏麒,01213,6.0,17.5,1:35.5,１1/2,④⑥,35.3,[栗]福永祐一,01203,428(－18)
202601050806,20260105,3,6,11,テーオーカイザー,2023101592,牡3,57.0,岩田望来,01174,2.0,3.4,1:35.6,クビ,④⑤,35.5,[栗]高柳大輔,01159,498(＋6)
202601050806,20260105,4,7,12,リアンマヒナ,2023104430,牡3,57.0,坂井瑠星,01163,1.0,3.3,1:35.6,アタマ,⑦⑦,35.2,[栗]高橋一哉,01206,438(＋2)
202601050806,20260105,5,2,2,カルロット,2023105339,牡3,57.0,武豊,00666,3.0,4.0,1:35.7,1/2,⑭⑭,34.5,[栗]武幸四郎,01160,518(＋16)
202601050806,20260105,6,3,4,ヒバリノコ,2023101094,牡3,57.0,亀田温心,01176,10.0,91.7,1:35.7,クビ,④④,35.7,[栗]北出成人,01078,414(0)
202601050806,20260105,7,8,14,メイショウケンゴウ,2023105091,牡3,57.0,松若風馬,01154,14.0,224.6,1:35.8,１,⑦⑦,35.4,[栗]高橋亮,01136,482(－2)
202601050806,20260105,8,7,13,ジーティーアリア,2023105358,牝3,55.0,北村友一,01102,5.0,13.8,1:36.0,１1/4,⑦⑦,35.7,[栗]田中克典,01180,456(－2)
202601050806,20260105,9,5,8,エンジェルボイス,2023104390,牡3,57.0,荻野極,01160,8.0,27.7,1:36.1,1/2,⑩⑩,35.4,[栗]吉村圭司,01130,478(＋8)
202601050806,20260105,10,3,5,チュウワメロディー,2023106766,牡3,57.0,松山弘平,01126,4.0,6.8,1:36.2,3/4,①①,36.5,[栗]小崎憲,01085,464(0)
202601050806,20260105,11,8,15,シンゼンイセ,2023103501,牡3,57.0,団野大成,01180,12.0,134.7,1:36.4,3/4,⑩⑩,35.8,[栗]荒川義之,01095,454(－6)
202601050806,20260105,12,4,7,ギフテッドスペック,2023102551,牡3,57.0,秋山稔樹,01181,9.0,72.0,1:37.2,５,⑩⑩,36.5,[栗]小椋研介,01197,500(＋6)
202601050806,20260105,13,5,9,マテンロウブリッジ,2023101525,牡3,57.0,横山典弘,00660,11.0,104.8,1:37.5,１3/4,⑩⑬,36.7,[栗]昆貢,01044,448(0)
202601050806,20260105,14,1,1,ジェイパック,2023104477,牝3,55.0,鮫島克駿,01157,13.0,174.1,1:38.5,６,②②,38.8,[栗]宮本博,01073,434(－4)
202601050806,20260105,除外,6,10,テイエムプレミラン,2023104905,牡3,57.0,酒井学,01034,,,,,⑮⑮,,[栗]宮地貴稔,01211,490(＋2)
202601050807,20260105,1,7,13,ルクスフレンジー,2022104126,牡4,57.0,酒井学,01034,14.0,99.7,1:52.0,,⑧⑧⑨⑦,37.0,[栗]松永幹夫,01092,474(＋4)
202601050807,20260105,2,6,10,ハイクオリティ,2022106924,牡4,57.0,荻野極,01160,4.0,6.7,1:52.4,２1/2,①①①①,38.5,[栗]今野貞一,01128,478(－6)
202601050807,20260105,3,5,9,(外)アークドール,2021110012,牡5,58.0,武豊,00666,6.0,15.2,1:52.6,１1/2,⑬⑬⑭⑨,37.1,[栗]松永幹夫,01092,450(0)
202601050807,20260105,4,2,3,アスクガンバーレ,2022102300,牡4,57.0,岩田康誠,05203,2.0,5.8,1:53.1,３,⑮⑭⑮⑬,37.4,[栗]福永祐一,01203,440(－4)
202601050807,20260105,5,2,2,エンマ,2022102956,牡4,57.0,高倉稜,01130,11.0,40.0,1:53.2,1/2,⑭⑭⑥③,38.5,[栗]武英智,01161,468(－4)
202601050807,20260105,6,3,5,トモジャザーン,2021104295,牡5,58.0,国分優作,01125,5.0,8.0,1:53.4,１,⑩⑩⑪⑩,38.2,[栗]大根田裕,01032,500(＋2)
202601050807,20260105,7,5,8,モズプリヴェール,2022102916,牡4,57.0,松山弘平,01126,10.0,32.0,1:53.7,１3/4,⑪⑪⑪⑩,38.4,[栗]森田直行,01142,494(＋6)
202601050807,20260105,8,8,14,サラコスティ,2022104793,牡4,57.0,北村友一,01102,7.0,18.4,1:53.7,アタマ,⑦⑦⑥⑦,39.0,[栗]池添学,01144,482(＋6)
202601050807,20260105,9,1,1,エコロスパーダ,2022105602,牡4,54.0,▲和田陽,01223,1.0,3.0,1:53.8,1/2,②②③②,39.6,[栗]大久保龍,01058,450(0)
202601050807,20260105,10,4,7,(外)ララマルシュドロワ,2020110116,セ6,58.0,中井裕二,01141,13.0,95.3,1:54.2,２,⑫⑫⑪⑬,39.0,[栗]坂口智康,01170,488(＋2)
202601050807,20260105,11,6,11,ワイドクリーガー,2022105611,牡4,57.0,団野大成,01180,9.0,28.1,1:54.6,２1/2,⑥⑤⑥③,40.1,[栗]奥村豊,01146,480(＋16)
202601050807,20260105,12,4,6,ジーティーパワー,2021105526,牡5,58.0,岩田望来,01174,12.0,42.6,1:55.0,２1/2,⑧⑧⑨⑩,40.0,[栗]中村直也,01186,542(－8)
202601050807,20260105,13,8,15,ステイクオール,2022105848,セ4,57.0,高杉吏麒,01213,3.0,6.0,1:55.8,５,⑤⑤④③,41.3,[栗]上村洋行,01168,492(－2)
202601050807,20260105,14,3,4,ジョードリウム,2022100997,牡4,57.0,吉村誠之,01216,8.0,18.5,1:56.6,５,②②②③,42.4,[栗]清水久詞,01110,504(－4)
202601050807,20260105,中止,7,12,(地)プロスペクト,2021101430,牡5,58.0,鮫島克駿,01157,15.0,160.5,,,④④④⑮,,[栗]小栗実,01194,522(－2)
202601050808,20260105,1,4,6,(外)イリフィ,2022110077,牝4,56.0,西村淳也,01171,2.0,5.7,1:12.5,,⑧⑦,36.0,[栗]高野友和,01117,428(－2)
202601050808,20260105,2,8,14,ヴリトラハン,2022105302,牡4,58.0,高杉吏麒,01213,4.0,6.4,1:12.7,１1/4,⑤②,36.4,[栗]千田輝彦,01120,486(0)
202601050808,20260105,3,8,15,(地)スペシャルナンバー,2019103825,牡7,58.0,鮫島克駿,01157,6.0,8.4,1:12.7,クビ,⑤②,36.4,[栗]西村真幸,01148,502(＋4)
202601050808,20260105,4,6,11,ミッキーマカパ,2022105737,牡4,55.0,▲舟山瑠,01221,8.0,12.5,1:12.7,クビ,①①,36.9,[美]田中博康,01162,520(－2)
202601050808,20260105,5,5,9,プレアデスグループ,2021104839,牝5,53.0,▲田山旺,01220,5.0,8.2,1:12.9,１1/4,⑧⑦,36.4,[栗]吉岡辰弥,01176,450(＋4)
202601050808,20260105,6,7,13,フェリ,2020105156,牝6,56.0,藤懸貴志,01138,15.0,153.8,1:12.9,アタマ,⑭⑪,35.8,[栗]佐々木晶,00429,478(＋2)
202601050808,20260105,7,3,4,フェデラー,2022103211,牡4,58.0,武豊,00666,1.0,4.2,1:13.2,１1/2,⑪⑩,36.3,[栗]石橋守,01140,520(＋16)
202601050808,20260105,8,4,7,ストラテージュ,2022101536,牡4,55.0,▲古川奈,01190,11.0,55.0,1:13.4,１1/4,④⑤,37.2,[栗]矢作芳人,01075,474(＋16)
202601050808,20260105,9,3,5,マイネルフォーコン,2020104523,牡6,58.0,松山弘平,01126,10.0,32.3,1:13.5,3/4,⑪⑪,36.6,[栗]西園翔太,01196,498(＋3)
202601050808,20260105,10,7,12,エンプレスペイ,2020103779,牝6,56.0,国分優作,01125,14.0,126.0,1:13.6,クビ,⑮⑬,36.4,[栗]小栗実,01194,478(＋10)
202601050808,20260105,11,5,8,ノビル,2021102091,牝5,53.0,▲川端海,01195,13.0,85.6,1:14.1,３,⑧⑨,37.7,[栗]鈴木孝志,01111,432(－8)
202601050808,20260105,12,2,3,カワキタマナレア,2022106169,牝4,56.0,北村友一,01102,7.0,11.9,1:14.2,3/4,⑪⑬,37.4,[栗]杉山佳明,01178,422(－8)
202601050808,20260105,13,2,2,(地)プロテア,2020104206,セ6,55.0,▲森田誠,01222,12.0,72.9,1:14.2,クビ,②②,38.3,[栗]宮本博,01073,478(＋2)
202601050808,20260105,14,6,10,ペプチドクレマチス,2022101959,牝4,56.0,岩田望来,01174,9.0,29.4,1:16.0,大差,②⑤,40.0,[栗]畑端省吾,01188,452(－20)
202601050808,20260105,15,1,1,(外)エコロネオ,2021110131,牡5,58.0,団野大成,01180,3.0,6.1,1:16.3,１3/4,⑤⑬,40.0,[栗]森秀行,00427,500(＋4)
202601050809,20260105,1,3,3,チェルノボーグ,2019104732,セ7,58.0,西塚洸二,01200,5.0,12.1,1:46.8,,④④,35.3,[栗]藤原英昭,01055,490(＋2)
202601050809,20260105,2,4,4,ナイトスラッガー,2021101603,牡5,58.0,川田将雅,01088,3.0,5.2,1:46.9,1/2,⑧⑧,35.2,[栗]小栗実,01194,534(＋10)
202601050809,20260105,3,6,6,レディーミコノス,2022105475,牝4,55.0,岩田望来,01174,1.0,2.7,1:46.9,アタマ,④④,35.4,[栗]寺島良,01158,468(0)
202601050809,20260105,4,1,1,コスモアンソロジー,2022106793,牡4,57.0,坂井瑠星,01163,6.0,14.9,1:47.2,１3/4,④④,35.7,[美]嘉藤貴行,01195,442(－2)
202601050809,20260105,5,7,8,ウォータークラーク,2022103345,牡4,57.0,武豊,00666,2.0,4.4,1:47.4,１,⑨⑧,35.5,[栗]石橋守,01140,492(＋4)
202601050809,20260105,6,2,2,ザブライド,2021104905,牝5,56.0,鮫島克駿,01157,9.0,37.5,1:47.5,１,②②,36.3,[栗]西村真幸,01148,478(0)
202601050809,20260105,7,8,11,レッセパッセ,2021106826,牝5,56.0,ハマーハ,05676,8.0,34.7,1:47.8,１1/2,②②,36.6,[栗]西園翔太,01196,396(＋6)
202601050809,20260105,8,8,10,モアリジット,2021104832,牡5,58.0,古川奈穂,01190,10.0,64.2,1:47.8,クビ,①①,37.0,[栗]西村真幸,01148,508(－2)
202601050809,20260105,9,6,7,(地)ガストン,2019105461,セ7,58.0,斎藤新,01178,11.0,180.0,1:48.2,２1/2,⑨⑩,36.2,[栗]高橋康之,01135,464(＋6)
202601050809,20260105,10,5,5,ミカエルパシャ,2021101751,牡5,58.0,松山弘平,01126,7.0,15.7,1:48.7,３,⑨⑩,36.8,[栗]橋口慎介,01154,486(＋2)
202601050809,20260105,11,7,9,ウィルサヴァイブ,2022104748,牝4,55.0,団野大成,01180,4.0,5.5,1:48.8,クビ,④④,37.3,[栗]須貝尚介,01105,446(0)
202601050810,20260105,1,6,11,ヒルノドゴール,2021103786,牡5,58.0,武豊,00666,4.0,12.2,1:11.2,,⑪⑨,35.1,[栗]北出成人,01078,528(0)
202601050810,20260105,2,6,12,(外)ルディック,2021110008,牡5,58.0,西村淳也,01171,2.0,4.6,1:11.3,3/4,⑤④,35.9,[栗]高野友和,01117,538(＋6)
202601050810,20260105,3,7,14,ゼットエール,2022107278,牡4,58.0,松本大輝,01191,1.0,1.7,1:11.5,１,③③,36.4,[栗]吉田直弘,01101,510(－4)
202601050810,20260105,4,3,6,エンヤラヴフェイス,2021101737,牡5,58.0,団野大成,01180,8.0,29.5,1:11.5,アタマ,⑫⑫,35.2,[栗]森田直行,01142,512(－2)
202601050810,20260105,5,4,8,(地)ショウナンアビアス,2020104597,牡6,58.0,松山弘平,01126,3.0,9.8,1:11.7,3/4,⑦⑦,36.1,[美]加藤士津,01169,504(＋4)
202601050810,20260105,6,7,13,メイショウヤーキス,2021102573,牡5,58.0,菱田裕二,01144,9.0,42.0,1:11.8,3/4,⑦⑦,36.2,[栗]飯田祐史,01139,456(－2)
202601050810,20260105,7,4,7,パドマ,2021102953,牝5,56.0,松若風馬,01154,7.0,23.2,1:11.8,クビ,⑨⑨,36.0,[栗]杉山晴紀,01157,502(－10)
202601050810,20260105,8,5,9,タカネノハナコサン,2020105415,牝6,56.0,高杉吏麒,01213,6.0,19.2,1:12.2,２1/2,①①,37.3,[栗]緒方努,01193,494(－8)
202601050810,20260105,9,8,16,ウナギノボリ,2019107016,牡7,58.0,吉村誠之,01216,11.0,87.5,1:12.3,クビ,⑯⑭,35.7,[栗]東田明士,01209,480(－4)
202601050810,20260105,10,2,3,ツークフォーゲル,2020105635,牡6,58.0,古川吉洋,01015,10.0,85.9,1:12.4,3/4,⑭⑭,35.9,[栗]荒川義之,01095,560(－8)
202601050810,20260105,11,8,15,メイショウタイゲイ,2019104169,牡7,58.0,和田竜二,01018,12.0,113.2,1:12.5,クビ,⑭⑯,35.9,[栗]荒川義之,01095,476(＋6)
202601050810,20260105,12,3,5,ペイシャモノノフ,2020101020,牡6,58.0,国分優作,01125,16.0,256.8,1:12.7,１1/2,⑨⑨,37.0,[栗]畑端省吾,01188,494(＋6)
202601050810,20260105,13,1,2,ナスノカンゲツ,2020109094,牡6,58.0,田口貫太,01208,15.0,247.2,1:13.2,３,⑫⑫,36.9,[美]武井亮,01147,522(－2)
202601050810,20260105,14,1,1,テイエムタリスマ,2021109043,牡5,58.0,斎藤新,01178,14.0,135.4,1:13.2,アタマ,⑥④,37.8,[栗]高橋一哉,01206,474(＋2)
202601050810,20260105,15,2,4,(外)ジェネラーレ,2021110153,牡5,58.0,岩田望来,01174,5.0,13.5,1:13.5,２,②②,38.5,[栗]野中賢二,01098,488(－4)
202601050810,20260105,16,5,10,イミュータブル,2020104346,牡6,58.0,池添謙一,01032,13.0,124.3,1:15.2,１０,③④,40.1,[栗]浜田多実,01138,484(0)
202601050811,20260105,1,5,5,アクアヴァーナル,2021105433,牝5,52.0,坂井瑠星,01163,1.0,2.3,3:07.5,,②②②②,33.8,[栗]四位洋文,01184,472(＋2)
202601050811,20260105,2,8,9,(地)ヴォランテ,2020100593,牡6,56.0,吉村誠之,01216,3.0,4.7,3:07.7,１1/4,⑤⑤③③,33.8,[栗]羽月友彦,01091,454(0)
202601050811,20260105,3,2,2,ブレイヴロッカー,2020102870,セ6,56.5,太宰啓介,01037,2.0,3.8,3:08.5,５,③③③③,34.6,[栗]本田優,01099,460(＋4)
202601050811,20260105,4,7,7,ミクソロジー,2019101847,セ7,56.0,鮫島克駿,01157,7.0,26.1,3:08.6,3/4,①①①①,35.1,[栗]辻野泰之,01183,430(0)
202601050811,20260105,5,6,6,ダンディズム,2016102175,セ10,55.0,富田暁,01168,8.0,32.4,3:08.6,クビ,⑦⑦⑥⑤,34.3,[栗]野中賢二,01098,480(0)
202601050811,20260105,6,3,3,アスクドゥポルテ,2020101025,牡6,54.0,西塚洸二,01200,5.0,12.7,3:08.7,クビ,⑨⑨⑨⑨,34.0,[栗]梅田智之,01084,476(－2)
202601050811,20260105,7,4,4,メイショウブレゲ,2019104091,牡7,55.0,酒井学,01034,4.0,7.9,3:08.8,3/4,⑦⑦⑥⑦,34.3,[栗]本田優,01099,470(0)
202601050811,20260105,8,8,8,ペプチドソレイユ,2020102095,牡6,55.0,古川吉洋,01015,9.0,48.2,3:09.7,５,⑤⑥⑥⑥,35.2,[栗]武英智,01161,506(＋8)
202601050811,20260105,9,1,1,ウェイビー,2020104764,牝6,49.0,藤懸貴志,01138,6.0,15.5,3:10.5,５,③③③⑦,36.2,[栗]西村真幸,01148,546(＋6)
202601050812,20260105,1,6,11,サンタンカ,2022101676,牡4,57.0,岩田望来,01174,2.0,3.3,1:34.7,,⑩⑧,33.5,[栗]千田輝彦,01120,516(＋2)
202601050812,20260105,2,6,10,レッドフェルメール,2022105871,牡4,57.0,川田将雅,01088,1.0,2.8,1:34.8,1/2,②②,34.0,[栗]藤原英昭,01055,468(＋4)
202601050812,20260105,3,5,9,ニシノイツキムスメ,2022107012,牝4,55.0,和田竜二,01018,6.0,19.3,1:34.8,アタマ,⑤⑤,33.8,[栗]北出成人,01078,412(－6)
202601050812,20260105,4,5,8,ムーンライトラガー,2022104710,牝4,55.0,荻野琢真,01112,11.0,42.5,1:35.0,１1/4,⑬⑩,33.5,[栗]大久保龍,01058,420(0)
202601050812,20260105,5,3,4,ピエタンツァ,2022105386,牝4,55.0,武豊,00666,4.0,7.4,1:35.1,1/2,⑭⑭,33.4,[栗]松永幹夫,01092,482(0)
202601050812,20260105,6,4,7,ベイリークロア,2022104919,牡4,57.0,ハマーハ,05676,3.0,7.3,1:35.2,クビ,⑦⑩,34.0,[栗]大久保龍,01058,492(＋16)
202601050812,20260105,7,8,15,ショウナンラウール,2021104242,牝5,56.0,荻野極,01160,8.0,23.9,1:35.3,3/4,⑦⑤,34.4,[栗]高橋義忠,01129,424(0)
202601050812,20260105,8,8,14,カウンティフェア,2022104121,牝4,53.0,◇永島ま,01187,5.0,17.4,1:35.3,クビ,③②,34.4,[栗]高野友和,01117,458(0)
202601050812,20260105,9,3,5,サリーチェ,2022104794,牝4,55.0,西村淳也,01171,9.0,24.3,1:35.5,１,③⑤,34.6,[栗]池添学,01144,484(－2)
202601050812,20260105,10,2,2,リアルフォルゴーレ,2022104222,牡4,57.0,田口貫太,01208,7.0,22.0,1:35.5,クビ,⑪⑫,34.1,[栗]大橋勇樹,01065,474(－4)
202601050812,20260105,11,4,6,(地)メイショウタクボク,2020104000,牡6,58.0,長岡禎仁,01142,13.0,104.3,1:35.5,ハナ,⑪⑫,34.0,[栗]高橋亮,01136,468(－6)
202601050812,20260105,12,2,3,ランスオブプライム,2021104426,牝5,53.0,▲田山旺,01220,15.0,167.7,1:35.6,クビ,①①,35.0,[栗]奥村豊,01146,474(＋4)
202601050812,20260105,13,7,13,ビーグラッド,2021100683,牝5,56.0,池添謙一,01032,12.0,64.8,1:35.8,１1/4,⑥②,34.9,[栗]岡田稲男,01066,444(0)
202601050812,20260105,14,1,1,ロンティケチャップ,2022104106,牡4,57.0,鮫島克駿,01157,10.0,40.7,1:36.0,１1/2,⑦⑨,34.9,[栗]牧田和弥,01123,502(0)
202601050812,20260105,15,7,12,テンクウハット,2020102081,牝6,56.0,太宰啓介,01037,14.0,117.9,1:36.1,クビ,⑮⑮,34.0,[栗]渡辺薫彦,01155,476(＋2)
